Round,Table,Players,Decks,Winner
Round 1,-,Carlos Torrico He/Him,Dimir Tempo,Carlos Torrico was assigned a bye
Round 1,1,"Victor Santos Esquici
Daniel Fernandez [TeamDominus] They/Them","Dimir Combo
Izzet Blink",Victor Santos Esquici won 2-0-0
Round 1,2,"EduCarSan
Felipe Schnyder","Jeskai
Simic Aggro",EduCarSan won 2-1-0
Round 1,3,"Borreguinhas He/Him
Leonardo Lambiasi He/Him","Mono-Green Landfall
Temur Combo",Borreguinhas won 2-0-0
Round 1,4,"JMoreirasn He/Him
Thiago Odasaki","Izzet Tempo
Temur",JMoreirasn won 2-0-0
Round 1,5,"Ismael Lessa He/Him
Pedro Gonzalez He/Him","Dimir Tempo
Azorius Control",Ismael Lessa won 2-0-0
Round 1,6,"Luis Monta√±a He/Him
GuillermoLoli","Dimir Midrange
Mono-Green Landfall",GuillermoLoli won 2-1-0
Round 1,7,"Bruno Volpato
guiadissy","Gruul Aggro
Temur",guiadissy won 2-0-0
Round 1,8,"Diego Galaz
Kathalarr","Izzet Lessons
Dimir Midrange",Kathalarr won 2-0-0
Round 1,9,"Lucas Fernandes He/Him
Carlos Medina He/Him","Simic Ouroboroid
Dimir Combo",Lucas Fernandes won 2-1-0
Round 1,10,"Gasser Abdeslam He/Him
Lu√≠s Felippe Rossello Lima","Izzet Otters
Izzet Lessons",Lu√≠s Felippe Rossello Lima won 2-1-0
Round 1,11,"Diego Almeida He/Him
Pablo Cuello He/Him","Rakdos Monument
Dimir Combo",Diego Almeida won 2-0-0
Round 1,12,"Daniel Moncada Tabares
Gabriel Fehr He/Him","Grixis Reanimator
Dimir Demons",Gabriel Fehr won 2-0-0
Round 1,13,"MARCOSHBF He/Him
oscarlevel152","Mono-Green Landfall
Dimir",oscarlevel152 won 2-1-0
Round 1,14,"RaulS
Lucas Rodriguez","Izzet Combo
Izzet Aggro",Lucas Rodriguez won 2-1-0
Round 1,15,"Isael Feitosa He/Him
Fellipe Emar He/Him","Mono-Green Aggro
Sultai Reanimator",Isael Feitosa won 2-1-0
Round 1,16,"MaximilianKalm
Felipe Machado","Mono-Green Landfall
Izzet Lessons",MaximilianKalm won 2-1-0
Round 1,17,"Catunda
DarioVergara He/Him","Izzet Midrange
W-U-R-G Omniscience",DarioVergara won 2-0-0
Round 1,18,"Jonas Antunes He/Him
TIAGO PINHEIRO","Dimir Combo
Azorius Tempo",Jonas Antunes won 2-0-0
Round 1,19,"Spribnow
Gabriel Castelo Garcia He/Him","Dimir Control
Izzet Lessons",Gabriel Castelo Garcia won 2-1-0
Round 1,20,"lobao
Jayme He/Him","Golgari
Boros Aggro",Jayme won 2-0-0
Round 1,21,"hendrik21
Agnaldo dos Santos Teixeira Junior Gnarr","Dimir Midrange
Dimir Control",1-1-0 Draw
Round 1,22,"Lauro Olsen He/Him
Camilo Ni√±o","Dimir Control
Dimir Tempo",Camilo Ni√±o won 2-1-0
Round 1,23,"Francisco ignacio andres Vargas ortiz He/Him
Jimmyto Lara He/They","Izzet Monument
Dimir Midrange",Jimmyto Lara won 2-0-0
Round 1,24,"Guilherme Guedes He/Him
Mateus de Carvalho He/Him","Sultai Reanimator
Jeskai Control",Guilherme Guedes won 2-0-0
Round 1,25,"Luis Navas Flores He/Him
Nicolas Morales Macaya He/Him","Mono-Red Aggro
Gruul Landfall",Luis Navas Flores won 2-1-0
Round 1,26,"NicoDays She/They
üôâ Caio Errerias He/Him","Izzet Aggro
Jeskai Control",üôâ Caio Errerias won 2-1-0
Round 1,27,"Andre Hassan
magic_zaraka He/Him","Grixis Demons
Gruul Landfall",magic_zaraka won 2-1-0
Round 1,28,"Andr√©s Camargo
zerokangs He/Him","Gruul Landfall
Sultai Midrange",Andr√©s Camargo won 2-0-0
Round 1,29,"CamiloRojas
Jo√£o Jorge Sales Junior","Dimir Tempo
Dimir Control",Jo√£o Jorge Sales Junior won 2-0-0
Round 1,30,"Bastian Mu√±oz Pizarro He/Him
Rud√° dos Reis He/Him","Azorius Control
Izzet Lessons",Rud√° dos Reis won 2-0-0
Round 1,31,"Prezin He/Him
Mauricio Iriarte Valenzuela","Dimir Control
Dimir Midrange",1-1-0 Draw
Round 1,32,"aloaiza23
Mariano de Gregorio He/Him","Jund Aggro
Dimir Midrange",aloaiza23 won 2-0-0
Round 1,33,"Xecuter He/Him
Sebastian Cantor","Temur Omniscience
Mono-Red Aggro",Xecuter won 2-1-0
Round 1,34,"Emanuel Sutter He/Him
Pedro Paulo Albuquerque Caraciolo He/They","Azorius
Dimir Demons",Emanuel Sutter won 2-0-0
Round 1,35,"Francisco Bertomeu
kbsAA","Izzet
Jeskai Control",kbsAA won 2-0-0
Round 1,36,"Charlesz
Andyu He/Him","Izzet Lessons
Dimir Midrange",Charlesz won 2-0-0
Round 1,37,"Juan Cruz Rodriguez Berjolis He/Him
Viniimato He/Him","Dimir Midrange
Jeskai Artifacts",Juan Cruz Rodriguez Berjolis won 2-0-0
Round 1,38,"RodolfoZuinConstantino He/Him
Redxfire He/Him","Bant Combo
Dimir Tempo",RodolfoZuinConstantino won 2-0-0
Round 1,39,"tony15974
gabrielstone","Izzet Midrange
Simic Ouroboroid",gabrielstone won 2-0-0
Round 1,40,"hachenova
Mircho","Izzet Midrange
Golgari Midrange",hachenova won 2-1-0
Round 1,41,"Guilherme Vinicius Fragoso De Souza Guivini06 He/Him
FelipePola","Izzet Tempo
Mono-Red Aggro",Guilherme Vinicius Fragoso De Souza Guivini06 won 2-1-0
Round 1,42,"Arthur Alves da Silva He/Him
Diego Eneas Garcia He/Him","Dimir Midrange
Bant Airbending",Diego Eneas Garcia won 2-0-0
Round 1,43,"Marcos Paredes He/Him
Rastaf","Mono-Green Aggro
Dimir Demons",Rastaf won 2-0-0
Round 1,44,"Jean Zveibil He/Him
Dihuen He/Him","Izzet Lessons
Dimir Reanimator",Dihuen won 2-0-0
Round 1,45,"Andres V√°squez
JOAO QUEGE","Gruul Landfall
Boros Dragons",JOAO QUEGE won 2-1-0
Round 1,46,"Julian Prado
Matheus Cunha","Azorius Tempo
Sultai Midrange",Matheus Cunha won 2-1-0
Round 1,47,"RODRIGOO
Ricardo Ramos","Mono-White Tokens
Simic Ouroboroid",Ricardo Ramos won 2-1-0
Round 1,48,"LuckZebra He/Him
Thiago Souza He/Him","Jeskai Artifacts
Izzet Lessons",Thiago Souza won 2-1-0
Round 1,49,"alikaik11 He/Him
RALC","Dimir Midrange
Dimir",RALC won 2-0-0
Round 1,50,"Francisco Vega
AdamSchwartz","Rakdos Midrange
Dimir Midrange",Francisco Vega won 2-0-0
Round 1,51,"Agustin Diaz He/Him
joaoclaudioms He/Him","Jeskai Control
W-U-B-G Lessons",Agustin Diaz won 2-0-0
Round 1,52,"Sebasti√°n Silva
Carvallo Tomas","Simic Aggro
Temur",1-1-0 Draw
Round 1,53,"Erichartman
Adriano Melo","Izzet
Izzet Lessons",Adriano Melo won 2-1-0
Round 1,54,"GUSTAVO CORAIOLA He/Him
MarcoAurelioLima He/Him","Mono-Green Landfall
W-U-B-G Ouroboroid",MarcoAurelioLima won 2-1-0
Round 1,55,"camilo Diaz Pineda
LuGoCa","Simic Aggro
Temur Combo",camilo Diaz Pineda won 2-1-0
Round 1,56,"Andr√© Ramos Lima
Adrien Venancio He/Him","Boros Aggro
Simic Ouroboroid",Andr√© Ramos Lima won 2-1-0
Round 1,57,"Yulios
Marcos Santos","Dimir Midrange
Dimir Combo",Yulios won 2-0-0
Round 1,58,"Daniel Lopez
Vinicius447","Rakdos Aggro
Izzet Lessons",Daniel Lopez won 2-0-0
Round 1,59,"Carlos Morales U
AlexBanacloy","Izzet Lessons
Boros Aggro",Carlos Morales U won 2-1-0
Round 1,60,"Marco Figueroa He/Him
Rodrigo Mu√±oz G√≥mez He/Him","Boros Dragons
Boros Aggro",Marco Figueroa won 2-0-0
Round 1,61,"CarlosR41
JaackySalvati","Rakdos Monument
Izzet",JaackySalvati won 2-1-0
Round 1,62,"ariranhasx
Hernan_Lobos He/Him","Dimir Demons
Gruul Aggro",ariranhasx won 2-0-0
Round 1,63,"leandro bujones
Patricio Roman","Jeskai Control
Izzet Lessons",Patricio Roman won 2-0-0
Round 1,64,"Glauber Teixeira He/Him
Rodrigo Pinheiro He/Him","Sultai Combo
Azorius Tempo",Rodrigo Pinheiro won 2-0-0
Round 1,65,"Tiago Bittencourt
Gabriel Saba He/Him","Izzet Tempo
Izzet Lessons",Gabriel Saba won 2-1-0
Round 1,66,"Andres Cifuentes He/Him
LordSoth03","Azorius Flash
Sultai",LordSoth03 won 2-0-0
Round 1,67,"Thiago Saporito He/Him
Antonio Lucas Longo","Dimir Midrange
Izzet Combo",Thiago Saporito won 2-1-0
Round 1,68,"lshiga
CaioAraujo999 He/Him","Mono-Green
Izzet Tempo",CaioAraujo999 won 2-0-0
Round 1,69,"Doblep
magicmam","Dimir Midrange
Mono-Green Aggro",magicmam won 2-1-0
Round 1,70,"julianofofo
guisantana2","Mono-Red Aggro
Azorius Tempo",guisantana2 won 2-1-0
Round 1,71,"Javier N√∫√±ez He/Him
Dustyn_Aranda He/Him","Gruul Landfall
Dimir Demons",Javier N√∫√±ez won 2-1-0
Round 1,72,"Gustavo Fischer He/Him
_ZNT_","Selesnya Landfall
Izzet Lessons",Gustavo Fischer won 2-1-0
Round 1,73,"El_Comediante He/Him
Est√™v√£o Rudi Arntz","Temur Combo
Izzet Lessons",El_Comediante won 2-0-0
Round 1,74,"Gibaft
222maxi222","Sultai Reanimator
Jund Aggro",Gibaft won 2-1-0
Round 1,75,"Mario Palma He/Him
Rodrigo Mu√±oz","W-U-B-R-G
Azorius",Mario Palma won 2-1-0
Round 1,76,"Fernando Passos
Walter Coquemala Filho He/Him","W-U-B-G Midrange
Temur Combo",Fernando Passos won 2-0-0
Round 1,77,"Christian Calcano
Sebasmoncada He/Him","Izzet Lessons
Izzet Monument",Sebasmoncada won 2-1-0
Round 1,78,"Renan Carrion He/Him
Xandre_Borges_","Boros Dragons
Dimir",Renan Carrion won 2-0-0
Round 1,79,"Andr√© Faustino
ailechan","Dimir Demons
Dimir Tempo",Andr√© Faustino won 2-1-0
Round 1,80,"LuisVenegas He/Him
Jorge Aguirre He/Him","Izzet Lessons
Azorius Tempo",Jorge Aguirre won 2-1-0
Round 1,81,"Darwin Fuenzalida He/Him
criacuna21","Izzet Bounce
Jeskai Control",Darwin Fuenzalida won 2-0-0
Round 1,82,"Claudinei Brasil Jr He/Him
tchuco He/Him","Mono-Red Aggro
Golgari Midrange",tchuco won 2-0-0
Round 1,83,"Emiliano Passoni
Mendez He/Him","Gruul Landfall
Izzet",Mendez won 2-0-0
Round 1,84,"Brahiam
Siiu911","Azorius Tempo
Mono-Green Landfall",Siiu911 won 2-1-0
Round 1,85,"p4nch020 He/Him
Jhonatan Restrepo He/Him","Azorius Tempo
Izzet Control",p4nch020 won 2-1-0
Round 1,86,"Martin Dominguez
Agustin Colombo He/Him","Gruul Aggro
Dimir Demons",Agustin Colombo won 2-0-0
Round 1,87,"VBocchS
Lucas Herv√°s","Dimir Midrange
Mono-Green Landfall",Lucas Herv√°s won 2-1-0
Round 1,88,"Thiago Valle dos Santos He/Him
Manuel Quiroga","Bant Ouroboroid
Mono-Red Aggro",Thiago Valle dos Santos won 2-0-0
Round 1,89,"julianpastoriza
Freddy Paredes [Team Dominus] He/Him","Jeskai Control
Dimir Midrange",julianpastoriza won 2-0-0
Round 1,90,"guiyote
KaszD3G He/Him","Azorius Tempo
W-U-B-R-G Aggro",guiyote won 2-1-0
Round 1,91,"managa He/Him
Everton Julian Silva Goulart He/Him","Dimir Midrange
Rakdos Aggro",Everton Julian Silva Goulart won 2-1-0
Round 1,92,"JoanCoussy
ERON MOGGIO He/Him","Temur Midrange
Jeskai Control",JoanCoussy won 2-0-0
Round 1,93,"Diego Quintero
Rudzilla_Rudson He/Him","Izzet
Izzet Prowess",Rudzilla_Rudson won 2-1-0
Round 1,94,"Ariel Cicchitti
Vin√≠cius Karam He/Him","Dimir Demons
Dimir Demons",1-1-0 Draw
Round 1,95,"Lucas Lupatini He/Him
Julio Bejarano Espejo He/Him","Dimir Midrange
Dimir Midrange",Lucas Lupatini won 2-1-0
Round 1,96,"axeljami
Jhohan Mauricio Herrera Molina He/Him","Mono-Green Aggro
Dimir Midrange",1-1-0 Draw
Round 1,97,"SrLukas158 He/Him
LucasRJ","Boros Dragons
Izzet Lessons",SrLukas158 won 2-0-0
Round 1,98,"Federico Giardini
Denis Cabral Barbosa Dias He/Him","Simic Aggro
Boros Dragons",Denis Cabral Barbosa Dias won 2-0-0
Round 1,99,"Eljuano He/Him
ThiagoPG","Mono-Green Landfall
Dimir",ThiagoPG won 2-1-0
Round 1,100,"Francisco Gonzalez
Danilo Almeida","Izzet Prowess
Rakdos Monument",Danilo Almeida won 2-1-0
Round 1,101,"shootMeInTheLeg
Davi Mangolin Filho He/Him","Izzet Aggro
Bant Combo",Davi Mangolin Filho won 2-0-0
Round 1,102,"Marcelo L√≥pez Lagos
Marcelo Rodrigues Cavalcante He/Him","Dimir
Dimir Midrange",Marcelo Rodrigues Cavalcante won 2-1-0
Round 1,103,"Eddie Dominguez He/Him
gabriel martinez He/Him","Izzet Looting
Mono-Green Midrange",1-1-0 Draw
Round 1,104,"SirClaudio He/They
NicholasPohren He/Him","Dimir Tempo
Dimir Control",SirClaudio won 2-0-0
Round 1,105,"Jos√© Carlos Lanzarotti Junior He/Him
LuisGutierrez He/Him","Mono-Red Aggro
Dimir Midrange",LuisGutierrez won 2-1-0
Round 2,-,alikaik11 He/Him,Dimir Midrange,alikaik11 was assigned a bye
Round 2,1,"magicmam
Kathalarr","Mono-Green Aggro
Dimir Midrange",magicmam won 2-0-0
Round 2,2,"Borreguinhas He/Him
Gustavo Fischer He/Him","Mono-Green Landfall
Selesnya Landfall",Borreguinhas won 2-1-0
Round 2,3,"Lucas Fernandes He/Him
JMoreirasn He/Him","Simic Ouroboroid
Izzet Tempo",Lucas Fernandes won 2-0-0
Round 2,4,"Yulios
Ricardo Ramos","Dimir Midrange
Simic Ouroboroid",Ricardo Ramos won 2-0-0
Round 2,5,"Charlesz
julianpastoriza","Izzet Lessons
Jeskai Control",Charlesz won 2-0-0
Round 2,6,"Renan Carrion He/Him
Andr√© Faustino","Boros Dragons
Dimir Demons",Andr√© Faustino won 2-1-0
Round 2,7,"magic_zaraka He/Him
Gabriel Castelo Garcia He/Him","Gruul Landfall
Izzet Lessons",Gabriel Castelo Garcia won 2-0-0
Round 2,8,"EduCarSan
Rudzilla_Rudson He/Him","Jeskai
Izzet Prowess",EduCarSan won 2-0-0
Round 2,9,"Patricio Roman
tchuco He/Him","Izzet Lessons
Golgari Midrange",Patricio Roman won 2-1-0
Round 2,10,"oscarlevel152
Davi Mangolin Filho He/Him","Dimir
Bant Combo",Davi Mangolin Filho won 2-0-0
Round 2,11,"Camilo Ni√±o
Fernando Passos","Dimir Tempo
W-U-B-G Midrange",Camilo Ni√±o won 2-1-0
Round 2,12,"Gabriel Fehr He/Him
Thiago Saporito He/Him","Dimir Demons
Dimir Midrange",Thiago Saporito won 2-0-0
Round 2,13,"Rodrigo Pinheiro He/Him
Lu√≠s Felippe Rossello Lima","Azorius Tempo
Izzet Lessons",Lu√≠s Felippe Rossello Lima won 2-0-0
Round 2,14,"Thiago Valle dos Santos He/Him
Diego Eneas Garcia He/Him","Bant Ouroboroid
Bant Airbending",Diego Eneas Garcia won 2-0-0
Round 2,15,"guiyote
El_Comediante He/Him","Azorius Tempo
Temur Combo",guiyote won 2-0-0
Round 2,16,"Marcelo Rodrigues Cavalcante He/Him
Andr√© Ramos Lima","Dimir Midrange
Boros Aggro",Marcelo Rodrigues Cavalcante won 2-0-0
Round 2,17,"Jo√£o Jorge Sales Junior
RodolfoZuinConstantino He/Him","Dimir Control
Bant Combo",1-1-0 Draw
Round 2,18,"Danilo Almeida
Rastaf","Rakdos Monument
Dimir Demons",Rastaf won 2-1-0
Round 2,19,"DarioVergara He/Him
RALC","W-U-R-G Omniscience
Dimir",RALC won 2-1-0
Round 2,20,"Lucas Lupatini He/Him
ThiagoPG","Dimir Midrange
Dimir",1-1-0 Draw
Round 2,21,"üôâ Caio Errerias He/Him
Victor Santos Esquici","Jeskai Control
Dimir Combo",Victor Santos Esquici won 2-1-0
Round 2,22,"Luis Navas Flores He/Him
Guilherme Guedes He/Him","Mono-Red Aggro
Sultai Reanimator",Luis Navas Flores won 2-1-0
Round 2,23,"hachenova
GuillermoLoli","Izzet Midrange
Mono-Green Landfall",GuillermoLoli won 2-0-0
Round 2,24,"kbsAA
Lucas Herv√°s","Jeskai Control
Mono-Green Landfall",Lucas Herv√°s won 2-0-0
Round 2,25,"CaioAraujo999 He/Him
Gabriel Saba He/Him","Izzet Tempo
Izzet Lessons",CaioAraujo999 won 2-1-0
Round 2,26,"Dihuen He/Him
SirClaudio He/They","Dimir Reanimator
Dimir Tempo",SirClaudio won 2-0-0
Round 2,27,"Xecuter He/Him
Jayme He/Him","Temur Omniscience
Boros Aggro",Jayme won 2-0-0
Round 2,28,"Agustin Colombo He/Him
Jonas Antunes He/Him","Dimir Demons
Dimir Combo",Agustin Colombo won 2-0-0
Round 2,29,"guiadissy
SrLukas158 He/Him","Temur
Boros Dragons",SrLukas158 won 2-0-0
Round 2,30,"Guilherme Vinicius Fragoso De Souza Guivini06 He/Him
Carlos Torrico He/Him","Izzet Tempo
Dimir Tempo",Carlos Torrico won 2-0-0
Round 2,31,"LordSoth03
Juan Cruz Rodriguez Berjolis He/Him","Sultai
Dimir Midrange",Juan Cruz Rodriguez Berjolis won 2-1-0
Round 2,32,"Ismael Lessa He/Him
Darwin Fuenzalida He/Him","Dimir Tempo
Izzet Bounce",Ismael Lessa won 2-1-0
Round 2,33,"Matheus Cunha
Everton Julian Silva Goulart He/Him","Sultai Midrange
Rakdos Aggro",Everton Julian Silva Goulart won 2-1-0
Round 2,34,"Sebasmoncada He/Him
Gibaft","Izzet Monument
Sultai Reanimator",Sebasmoncada won 2-1-0
Round 2,35,"Agustin Diaz He/Him
Mendez He/Him","Jeskai Control
Izzet",Agustin Diaz won 2-0-0
Round 2,36,"Andr√©s Camargo
ariranhasx","Gruul Landfall
Dimir Demons",ariranhasx won 2-0-0
Round 2,37,"JoanCoussy
Jorge Aguirre He/Him","Temur Midrange
Azorius Tempo",Jorge Aguirre won 2-1-0
Round 2,38,"Rud√° dos Reis He/Him
gabrielstone","Izzet Lessons
Simic Ouroboroid",gabrielstone won 2-1-0
Round 2,39,"MarcoAurelioLima He/Him
Diego Almeida He/Him","W-U-B-G Ouroboroid
Rakdos Monument",Diego Almeida won 2-0-0
Round 2,40,"Lucas Rodriguez
p4nch020 He/Him","Izzet Aggro
Azorius Tempo",p4nch020 won 2-0-0
Round 2,41,"JaackySalvati
Marco Figueroa He/Him","Izzet
Boros Dragons",Marco Figueroa won 2-0-0
Round 2,42,"Francisco Vega
Siiu911","Rakdos Midrange
Mono-Green Landfall",Siiu911 won 2-0-0
Round 2,43,"Jimmyto Lara He/They
Mario Palma He/Him","Dimir Midrange
W-U-B-R-G",Mario Palma won 2-1-0
Round 2,44,"Emanuel Sutter He/Him
camilo Diaz Pineda","Azorius
Simic Aggro",camilo Diaz Pineda won 2-0-0
Round 2,45,"MaximilianKalm
Adriano Melo","Mono-Green Landfall
Izzet Lessons",Adriano Melo won 2-0-0
Round 2,46,"Daniel Lopez
Javier N√∫√±ez He/Him","Rakdos Aggro
Gruul Landfall",Daniel Lopez won 2-0-0
Round 2,47,"Carlos Morales U
Denis Cabral Barbosa Dias He/Him","Izzet Lessons
Boros Dragons",Denis Cabral Barbosa Dias won 2-1-0
Round 2,48,"aloaiza23
JOAO QUEGE","Jund Aggro
Boros Dragons",JOAO QUEGE won 2-0-0
Round 2,49,"Thiago Souza He/Him
LuisGutierrez He/Him","Izzet Lessons
Dimir Midrange",Thiago Souza won 2-0-0
Round 2,50,"guisantana2
Isael Feitosa He/Him","Azorius Tempo
Mono-Green Aggro",Isael Feitosa won 2-1-0
Round 2,51,"Eddie Dominguez He/Him
axeljami","Izzet Looting
Mono-Green Aggro",axeljami won 2-0-0
Round 2,52,"gabriel martinez He/Him
Carvallo Tomas","Mono-Green Midrange
Temur",Carvallo Tomas won 2-0-0
Round 2,53,"Jhohan Mauricio Herrera Molina He/Him
Agnaldo dos Santos Teixeira Junior Gnarr","Dimir Midrange
Dimir Control",Jhohan Mauricio Herrera Molina won 2-1-0
Round 2,54,"Sebasti√°n Silva
Vin√≠cius Karam He/Him","Simic Aggro
Dimir Demons",Sebasti√°n Silva won 2-1-0
Round 2,55,"Ariel Cicchitti
hendrik21","Dimir Demons
Dimir Midrange",hendrik21 won 2-0-0
Round 2,56,"Prezin He/Him
Xandre_Borges_","Dimir Control
Dimir",Xandre_Borges_ won 2-0-0
Round 2,57,"Mauricio Iriarte Valenzuela
Marcos Santos","Dimir Midrange
Dimir Combo",Mauricio Iriarte Valenzuela won 2-0-0
Round 2,58,"Felipe Schnyder
Vinicius447","Simic Aggro
Izzet Lessons",Felipe Schnyder won 2-0-0
Round 2,59,"Pedro Gonzalez He/Him
Tiago Bittencourt","Azorius Control
Izzet Tempo",1-1-0 Draw
Round 2,60,"Andres Cifuentes He/Him
Francisco ignacio andres Vargas ortiz He/Him","Azorius Flash
Izzet Monument",Andres Cifuentes won 2-0-0
Round 2,61,"Freddy Paredes [Team Dominus] He/Him
Francisco Bertomeu","Dimir Midrange
Izzet",Freddy Paredes [Team Dominus] won 2-0-0
Round 2,62,"_ZNT_
Fellipe Emar He/Him","Izzet Lessons
Sultai Reanimator",_ZNT_ won 2-0-0
Round 2,63,"LuisVenegas He/Him
TIAGO PINHEIRO","Izzet Lessons
Azorius Tempo",LuisVenegas won 2-0-0
Round 2,64,"Spribnow
Daniel Fernandez [TeamDominus] They/Them","Dimir Control
Izzet Blink",Daniel Fernandez [TeamDominus] won 2-0-0
Round 2,65,"CamiloRojas
Francisco Gonzalez","Dimir Tempo
Izzet Prowess",1-1-0 Draw
Round 2,66,"Lauro Olsen He/Him
MARCOSHBF He/Him","Dimir Control
Mono-Green Landfall",MARCOSHBF won 2-0-0
Round 2,67,"shootMeInTheLeg
Jhonatan Restrepo He/Him","Izzet Aggro
Izzet Control",shootMeInTheLeg won 2-0-0
Round 2,68,"Antonio Lucas Longo
Bruno Volpato","Izzet Combo
Gruul Aggro",Antonio Lucas Longo won 2-0-0
Round 2,69,"Bastian Mu√±oz Pizarro He/Him
managa He/Him","Azorius Control
Dimir Midrange",1-1-0 Draw
Round 2,70,"RaulS
julianofofo","Izzet Combo
Mono-Red Aggro",RaulS won 2-1-0
Round 2,71,"RODRIGOO
Diego Quintero","Mono-White Tokens
Izzet",RODRIGOO won 2-1-0
Round 2,72,"Walter Coquemala Filho He/Him
Doblep","Temur Combo
Dimir Midrange",Walter Coquemala Filho won 2-1-0
Round 2,73,"Federico Giardini
Claudinei Brasil Jr He/Him","Simic Aggro
Mono-Red Aggro",Federico Giardini won 2-0-0
Round 2,74,"Mariano de Gregorio He/Him
tony15974","Dimir Midrange
Izzet Midrange",Mariano de Gregorio won 2-1-0
Round 2,75,"NicholasPohren He/Him
222maxi222","Dimir Control
Jund Aggro",NicholasPohren won 2-0-0
Round 2,76,"Eljuano He/Him
Carlos Medina He/Him","Mono-Green Landfall
Dimir Combo",Eljuano won 2-0-0
Round 2,77,"Rodrigo Mu√±oz
NicoDays She/They","Azorius
Izzet Aggro",Rodrigo Mu√±oz won 2-0-0
Round 2,78,"Gasser Abdeslam He/Him
GUSTAVO CORAIOLA He/Him","Izzet Otters
Mono-Green Landfall",Gasser Abdeslam won 2-1-0
Round 2,79,"Catunda
Redxfire He/Him","Izzet Midrange
Dimir Tempo",1-1-0 Draw
Round 2,80,"Christian Calcano
lobao","Izzet Lessons
Golgari",Christian Calcano won 2-0-0
Round 2,81,"FelipePola
leandro bujones","Mono-Red Aggro
Jeskai Control",FelipePola won 2-0-0
Round 2,82,"Thiago Odasaki
Hernan_Lobos He/Him","Temur
Gruul Aggro",Hernan_Lobos won 2-1-0
Round 2,83,"Leonardo Lambiasi He/Him
AdamSchwartz","Temur Combo
Dimir Midrange",AdamSchwartz won 2-0-0
Round 2,84,"LuckZebra He/Him
Andyu He/Him","Jeskai Artifacts
Dimir Midrange",LuckZebra won 2-1-0
Round 2,85,"LucasRJ
Andre Hassan","Izzet Lessons
Grixis Demons",Andre Hassan won 2-0-0
Round 2,86,"Daniel Moncada Tabares
Adrien Venancio He/Him","Grixis Reanimator
Simic Ouroboroid",Daniel Moncada Tabares won 2-1-0
Round 2,87,"ailechan
Mircho","Dimir Tempo
Golgari Midrange",1-1-0 Draw
Round 2,88,"Marcelo L√≥pez Lagos
Nicolas Morales Macaya He/Him","Dimir
Gruul Landfall",Nicolas Morales Macaya won 2-1-0
Round 2,89,"Martin Dominguez
Mateus de Carvalho He/Him","Gruul Aggro
Jeskai Control",Martin Dominguez won 2-0-0
Round 2,90,"Est√™v√£o Rudi Arntz
CarlosR41","Izzet Lessons
Rakdos Monument",Est√™v√£o Rudi Arntz won 2-0-0
Round 2,91,"ERON MOGGIO He/Him
Jos√© Carlos Lanzarotti Junior He/Him","Jeskai Control
Mono-Red Aggro",Jos√© Carlos Lanzarotti Junior won 2-0-0
Round 2,92,"Emiliano Passoni
Rodrigo Mu√±oz G√≥mez He/Him","Gruul Landfall
Boros Aggro",Emiliano Passoni won 2-1-0
Round 2,93,"Sebastian Cantor
Pablo Cuello He/Him","Mono-Red Aggro
Dimir Combo",Sebastian Cantor won 2-0-0
Round 2,94,"Brahiam
Diego Galaz","Azorius Tempo
Izzet Lessons",Brahiam won 2-0-0
Round 2,95,"Manuel Quiroga
Jean Zveibil He/Him","Mono-Red Aggro
Izzet Lessons",Manuel Quiroga won 2-0-0
Round 2,96,"Dustyn_Aranda He/Him
Andres V√°squez","Dimir Demons
Gruul Landfall",1-1-0 Draw
Round 2,97,"AlexBanacloy
Julian Prado","Boros Aggro
Azorius Tempo",Julian Prado won 2-0-0
Round 2,98,"Erichartman
Arthur Alves da Silva He/Him","Izzet
Dimir Midrange",Arthur Alves da Silva won 2-1-0
Round 2,99,"Glauber Teixeira He/Him
zerokangs He/Him","Sultai Combo
Sultai Midrange",zerokangs won 2-0-0
Round 2,100,"Julio Bejarano Espejo He/Him
VBocchS","Dimir Midrange
Dimir Midrange",Julio Bejarano Espejo won 2-0-0
Round 2,101,"LuGoCa
joaoclaudioms He/Him","Temur Combo
W-U-B-G Lessons",LuGoCa won 2-0-0
Round 2,102,"Viniimato He/Him
lshiga","Jeskai Artifacts
Mono-Green",Viniimato won 2-1-0
Round 2,103,"Pedro Paulo Albuquerque Caraciolo He/They
Felipe Machado","Dimir Demons
Izzet Lessons",Pedro Paulo Albuquerque Caraciolo won 2-0-0
Round 2,104,"criacuna21
Luis Monta√±a He/Him","Jeskai Control
Dimir Midrange",Luis Monta√±a won 2-0-0
Round 2,105,"Marcos Paredes He/Him
KaszD3G He/Him","Mono-Green Aggro
W-U-B-R-G Aggro",KaszD3G won 2-1-0
Round 3,-,CarlosR41,Rakdos Monument,CarlosR41 was assigned a bye
Round 3,1,"camilo Diaz Pineda
Lu√≠s Felippe Rossello Lima","Simic Aggro
Izzet Lessons",camilo Diaz Pineda won 2-1-0
Round 3,2,"Siiu911
Lucas Fernandes He/Him","Mono-Green Landfall
Simic Ouroboroid",Lucas Fernandes won 2-1-0
Round 3,3,"SirClaudio He/They
p4nch020 He/Him","Dimir Tempo
Azorius Tempo",1-1-0 Draw
Round 3,4,"Marcelo Rodrigues Cavalcante He/Him
Agustin Diaz He/Him","Dimir Midrange
Jeskai Control",Marcelo Rodrigues Cavalcante won 2-1-0
Round 3,5,"JOAO QUEGE
Camilo Ni√±o","Boros Dragons
Dimir Tempo",JOAO QUEGE won 2-0-0
Round 3,6,"Patricio Roman
Ismael Lessa He/Him","Izzet Lessons
Dimir Tempo",Patricio Roman won 2-1-0
Round 3,7,"CaioAraujo999 He/Him
Sebasmoncada He/Him","Izzet Tempo
Izzet Monument",Sebasmoncada won 2-0-0
Round 3,8,"Lucas Herv√°s
Isael Feitosa He/Him","Mono-Green Landfall
Mono-Green Aggro",Lucas Herv√°s won 2-0-0
Round 3,9,"Rastaf
Daniel Lopez","Dimir Demons
Rakdos Aggro",Daniel Lopez won 2-0-0
Round 3,10,"Agustin Colombo He/Him
Charlesz","Dimir Demons
Izzet Lessons",Charlesz won 2-1-0
Round 3,11,"Diego Eneas Garcia He/Him
Juan Cruz Rodriguez Berjolis He/Him","Bant Airbending
Dimir Midrange",Diego Eneas Garcia won 2-1-0
Round 3,12,"Antonio Lucas Longo
Gabriel Fehr He/Him","Izzet Combo
Dimir Demons",Gabriel Fehr won 2-1-0
Round 3,13,"Gabriel Castelo Garcia He/Him
Everton Julian Silva Goulart He/Him","Izzet Lessons
Rakdos Aggro",Everton Julian Silva Goulart won 2-0-0
Round 3,14,"EduCarSan
GuillermoLoli","Jeskai
Mono-Green Landfall",GuillermoLoli won 2-1-0
Round 3,15,"Diego Almeida He/Him
ariranhasx","Rakdos Monument
Dimir Demons",ariranhasx won 2-0-0
Round 3,16,"Jayme He/Him
RALC","Boros Aggro
Dimir",Jayme won 2-0-0
Round 3,17,"Carlos Torrico He/Him
Mario Palma He/Him","Dimir Tempo
W-U-B-R-G",Carlos Torrico won 2-1-0
Round 3,18,"Davi Mangolin Filho He/Him
guiyote","Bant Combo
Azorius Tempo",Davi Mangolin Filho won 2-1-0
Round 3,19,"Adriano Melo
Thiago Saporito He/Him","Izzet Lessons
Dimir Midrange",Adriano Melo won 2-0-0
Round 3,20,"gabrielstone
Thiago Souza He/Him","Simic Ouroboroid
Izzet Lessons",Thiago Souza won 2-0-0
Round 3,21,"Andr√© Faustino
Borreguinhas He/Him","Dimir Demons
Mono-Green Landfall",Borreguinhas won 2-0-0
Round 3,22,"Jorge Aguirre He/Him
SrLukas158 He/Him","Azorius Tempo
Boros Dragons",1-1-0 Draw
Round 3,23,"magicmam
Victor Santos Esquici","Mono-Green Aggro
Dimir Combo",Victor Santos Esquici won 2-1-0
Round 3,24,"Ricardo Ramos
Marco Figueroa He/Him","Simic Ouroboroid
Boros Dragons",Marco Figueroa won 2-0-0
Round 3,25,"ThiagoPG
Carvallo Tomas","Dimir
Temur",Carvallo Tomas won 2-0-0
Round 3,26,"Lucas Lupatini He/Him
Sebasti√°n Silva","Dimir Midrange
Simic Aggro",Sebasti√°n Silva won 2-0-0
Round 3,27,"axeljami
RodolfoZuinConstantino He/Him","Mono-Green Aggro
Bant Combo",axeljami won 2-1-0
Round 3,28,"Jhohan Mauricio Herrera Molina He/Him
hendrik21","Dimir Midrange
Dimir Midrange",Jhohan Mauricio Herrera Molina won 2-0-0
Round 3,29,"Mauricio Iriarte Valenzuela
Jo√£o Jorge Sales Junior","Dimir Midrange
Dimir Control",1-1-0 Draw
Round 3,30,"Luis Monta√±a He/Him
Dihuen He/Him","Dimir Midrange
Dimir Reanimator",Dihuen won 2-1-0
Round 3,31,"RaulS
JMoreirasn He/Him","Izzet Combo
Izzet Tempo",RaulS won 2-1-0
Round 3,32,"Darwin Fuenzalida He/Him
Hernan_Lobos He/Him","Izzet Bounce
Gruul Aggro",Hernan_Lobos won 2-1-0
Round 3,33,"Rodrigo Mu√±oz
Pedro Paulo Albuquerque Caraciolo He/They","Azorius
Dimir Demons",Rodrigo Mu√±oz won 2-1-0
Round 3,34,"Rodrigo Pinheiro He/Him
Julian Prado","Azorius Tempo
Azorius Tempo",Rodrigo Pinheiro won 2-0-0
Round 3,35,"Eljuano He/Him
Jimmyto Lara He/They","Mono-Green Landfall
Dimir Midrange",Jimmyto Lara won 2-1-0
Round 3,36,"Andre Hassan
Yulios","Grixis Demons
Dimir Midrange",Yulios won 2-0-0
Round 3,37,"Renan Carrion He/Him
Gasser Abdeslam He/Him","Boros Dragons
Izzet Otters",Gasser Abdeslam won 2-1-0
Round 3,38,"Martin Dominguez
Guilherme Guedes He/Him","Gruul Aggro
Sultai Reanimator",Martin Dominguez won 2-0-0
Round 3,39,"alikaik11 He/Him
MaximilianKalm","Dimir Midrange
Mono-Green Landfall",alikaik11 won 2-1-0
Round 3,40,"LuisVenegas He/Him
RODRIGOO","Izzet Lessons
Mono-White Tokens",LuisVenegas won 2-0-0
Round 3,41,"Federico Giardini
zerokangs He/Him","Simic Aggro
Sultai Midrange",Federico Giardini won 2-1-0
Round 3,42,"Mircho
El_Comediante He/Him","Golgari Midrange
Temur Combo",El_Comediante won 2-0-0
Round 3,43,"Walter Coquemala Filho He/Him
Andr√©s Camargo","Temur Combo
Gruul Landfall",Andr√©s Camargo won 2-0-0
Round 3,44,"Felipe Schnyder
Freddy Paredes [Team Dominus] He/Him","Simic Aggro
Dimir Midrange",Freddy Paredes [Team Dominus] won 2-1-0
Round 3,45,"Francisco Vega
Daniel Moncada Tabares","Rakdos Midrange
Grixis Reanimator",Daniel Moncada Tabares won 2-0-0
Round 3,46,"Jonas Antunes He/Him
NicholasPohren He/Him","Dimir Combo
Dimir Control",Jonas Antunes won 2-0-0
Round 3,47,"LuisGutierrez He/Him
_ZNT_","Dimir Midrange
Izzet Lessons",_ZNT_ won 2-0-0
Round 3,48,"Christian Calcano
Kathalarr","Izzet Lessons
Dimir Midrange",Christian Calcano won 2-0-0
Round 3,49,"MarcoAurelioLima He/Him
julianpastoriza","W-U-B-G Ouroboroid
Jeskai Control",julianpastoriza won 2-1-0
Round 3,50,"Nicolas Morales Macaya He/Him
Fernando Passos","Gruul Landfall
W-U-B-G Midrange",Nicolas Morales Macaya won 2-1-0
Round 3,51,"DarioVergara He/Him
magic_zaraka He/Him","W-U-R-G Omniscience
Gruul Landfall",magic_zaraka won 2-1-0
Round 3,52,"shootMeInTheLeg
Gabriel Saba He/Him","Izzet Aggro
Izzet Lessons",shootMeInTheLeg won 2-1-0
Round 3,53,"MARCOSHBF He/Him
aloaiza23","Mono-Green Landfall
Jund Aggro",aloaiza23 won 2-1-0
Round 3,54,"LuckZebra He/Him
JoanCoussy","Jeskai Artifacts
Temur Midrange",JoanCoussy won 2-1-0
Round 3,55,"Danilo Almeida
Emanuel Sutter He/Him","Rakdos Monument
Azorius",Emanuel Sutter won 2-1-0
Round 3,56,"oscarlevel152
Sebastian Cantor","Dimir
Mono-Red Aggro",Sebastian Cantor won 2-0-0
Round 3,57,"LordSoth03
Rudzilla_Rudson He/Him","Sultai
Izzet Prowess",LordSoth03 won 2-0-0
Round 3,58,"Lucas Rodriguez
Emiliano Passoni","Izzet Aggro
Gruul Landfall",Emiliano Passoni won 2-1-0
Round 3,59,"Matheus Cunha
Daniel Fernandez [TeamDominus] They/Them","Sultai Midrange
Izzet Blink",Daniel Fernandez [TeamDominus] won 2-0-0
Round 3,60,"Mendez He/Him
Jos√© Carlos Lanzarotti Junior He/Him","Izzet
Mono-Red Aggro",Mendez won 2-0-0
Round 3,61,"Mariano de Gregorio He/Him
kbsAA","Dimir Midrange
Jeskai Control",kbsAA won 2-1-0
Round 3,62,"Andr√© Ramos Lima
tchuco He/Him","Boros Aggro
Golgari Midrange",tchuco won 2-0-0
Round 3,63,"Arthur Alves da Silva He/Him
Thiago Valle dos Santos He/Him","Dimir Midrange
Bant Ouroboroid",Thiago Valle dos Santos won 2-0-0
Round 3,64,"FelipePola
Julio Bejarano Espejo He/Him","Mono-Red Aggro
Dimir Midrange",FelipePola won 2-1-0
Round 3,65,"Guilherme Vinicius Fragoso De Souza Guivini06 He/Him
Javier N√∫√±ez He/Him","Izzet Tempo
Gruul Landfall",Guilherme Vinicius Fragoso De Souza Guivini06 won 2-0-0
Round 3,66,"Xecuter He/Him
Gibaft","Temur Omniscience
Sultai Reanimator",Xecuter won 2-1-0
Round 3,67,"LuGoCa
Brahiam","Temur Combo
Azorius Tempo",Brahiam won 2-0-0
Round 3,68,"Carlos Morales U
Xandre_Borges_","Izzet Lessons
Dimir",Xandre_Borges_ won 2-1-0
Round 3,69,"guiadissy
guisantana2","Temur
Azorius Tempo",guisantana2 won 2-0-0
Round 3,70,"julianofofo
Marcelo L√≥pez Lagos","Mono-Red Aggro
Dimir",Marcelo L√≥pez Lagos won 2-1-0
Round 3,71,"Denis Cabral Barbosa Dias He/Him
Luis Navas Flores He/Him","Boros Dragons
Mono-Red Aggro",Luis Navas Flores won 2-0-0
Round 3,72,"Viniimato He/Him
hachenova","Jeskai Artifacts
Izzet Midrange",hachenova won 2-1-0
Round 3,73,"Andres Cifuentes He/Him
üôâ Caio Errerias He/Him","Azorius Flash
Jeskai Control",1-1-0 Draw
Round 3,74,"KaszD3G He/Him
AdamSchwartz","W-U-B-R-G Aggro
Dimir Midrange",KaszD3G won 2-1-0
Round 3,75,"Manuel Quiroga
Gustavo Fischer He/Him","Mono-Red Aggro
Selesnya Landfall",Manuel Quiroga won 2-1-0
Round 3,76,"Rud√° dos Reis He/Him
managa He/Him","Izzet Lessons
Dimir Midrange",Rud√° dos Reis won 2-0-0
Round 3,77,"Prezin He/Him
Catunda","Dimir Control
Izzet Midrange",Prezin won 2-1-0
Round 3,78,"Pedro Gonzalez He/Him
CamiloRojas","Azorius Control
Dimir Tempo",Pedro Gonzalez won 2-0-0
Round 3,79,"Dustyn_Aranda He/Him
Francisco Gonzalez","Dimir Demons
Izzet Prowess",Dustyn_Aranda won 2-1-0
Round 3,80,"Vin√≠cius Karam He/Him
Eddie Dominguez He/Him","Dimir Demons
Izzet Looting",Eddie Dominguez won 2-1-0
Round 3,81,"gabriel martinez He/Him
Agnaldo dos Santos Teixeira Junior Gnarr","Mono-Green Midrange
Dimir Control",Agnaldo dos Santos Teixeira Junior Gnarr won 2-0-0
Round 3,82,"Ariel Cicchitti
Tiago Bittencourt","Dimir Demons
Izzet Tempo",Ariel Cicchitti won 2-0-0
Round 3,83,"Andres V√°squez
Bastian Mu√±oz Pizarro He/Him","Gruul Landfall
Azorius Control",Andres V√°squez won 2-0-0
Round 3,84,"Redxfire He/Him
criacuna21","Dimir Tempo
Jeskai Control",criacuna21 won 2-0-0
Round 3,85,"AlexBanacloy
joaoclaudioms He/Him","Boros Aggro
W-U-B-G Lessons",AlexBanacloy won 2-0-0
Round 3,86,"Thiago Odasaki
NicoDays She/They","Temur
Izzet Aggro",NicoDays won 2-1-0
Round 3,87,"lshiga
Francisco Bertomeu","Mono-Green
Izzet",Francisco Bertomeu won 2-1-0
Round 3,88,"Adrien Venancio He/Him
Spribnow","Simic Ouroboroid
Dimir Control",Spribnow won 2-1-0
Round 3,89,"Marcos Paredes He/Him
Doblep","Mono-Green Aggro
Dimir Midrange",Marcos Paredes won 2-0-0
Round 3,90,"Lauro Olsen He/Him
Jhonatan Restrepo He/Him","Dimir Control
Izzet Control",Lauro Olsen won 2-0-0
Round 3,91,"GUSTAVO CORAIOLA He/Him
Glauber Teixeira He/Him","Mono-Green Landfall
Sultai Combo",GUSTAVO CORAIOLA won 2-0-0
Round 3,92,"222maxi222
Bruno Volpato","Jund Aggro
Gruul Aggro",Bruno Volpato won 2-1-0
Round 3,93,"JaackySalvati
Est√™v√£o Rudi Arntz","Izzet
Izzet Lessons",JaackySalvati won 2-1-0
Round 3,94,"Diego Quintero
Leonardo Lambiasi He/Him","Izzet
Temur Combo",Leonardo Lambiasi won 2-0-0
Round 3,95,"Pablo Cuello He/Him
Rodrigo Mu√±oz G√≥mez He/Him","Dimir Combo
Boros Aggro",Rodrigo Mu√±oz G√≥mez won 2-0-0
Round 3,96,"Erichartman
Jean Zveibil He/Him","Izzet
Izzet Lessons",Erichartman won 2-0-0
Round 3,97,"tony15974
LucasRJ","Izzet Midrange
Izzet Lessons",tony15974 won 2-0-0
Round 3,98,"Mateus de Carvalho He/Him
Vinicius447","Jeskai Control
Izzet Lessons",Mateus de Carvalho won 2-0-0
Round 3,99,"leandro bujones
Fellipe Emar He/Him","Jeskai Control
Sultai Reanimator",Fellipe Emar won 2-0-0
Round 3,100,"ailechan
ERON MOGGIO He/Him","Dimir Tempo
Jeskai Control",ailechan won 2-0-0
Round 3,101,"Marcos Santos
VBocchS","Dimir Combo
Dimir Midrange",VBocchS won 2-0-0
Round 3,102,"Andyu He/Him
TIAGO PINHEIRO","Dimir Midrange
Azorius Tempo",1-1-0 Draw
Round 3,103,"Francisco ignacio andres Vargas ortiz He/Him
Carlos Medina He/Him","Izzet Monument
Dimir Combo",Francisco ignacio andres Vargas ortiz won 2-1-0
Round 3,104,"Diego Galaz
lobao","Izzet Lessons
Golgari",Diego Galaz won 2-0-0
Round 4,-,lshiga,Mono-Green,lshiga was assigned a bye
Round 4,1,"GuillermoLoli
Davi Mangolin Filho He/Him","Mono-Green Landfall
Bant Combo",GuillermoLoli won 2-0-0
Round 4,2,"Daniel Lopez
Marcelo Rodrigues Cavalcante He/Him","Rakdos Aggro
Dimir Midrange",Marcelo Rodrigues Cavalcante won 2-0-0
Round 4,3,"Diego Eneas Garcia He/Him
Marco Figueroa He/Him","Bant Airbending
Boros Dragons",Marco Figueroa won 2-0-0
Round 4,4,"Lucas Herv√°s
ariranhasx","Mono-Green Landfall
Dimir Demons",ariranhasx won 2-0-0
Round 4,5,"Everton Julian Silva Goulart He/Him
JOAO QUEGE","Rakdos Aggro
Boros Dragons",Everton Julian Silva Goulart won 2-1-0
Round 4,6,"Borreguinhas He/Him
Charlesz","Mono-Green Landfall
Izzet Lessons",Borreguinhas won 2-0-0
Round 4,7,"Jayme He/Him
Thiago Souza He/Him","Boros Aggro
Izzet Lessons",Thiago Souza won 2-0-0
Round 4,8,"camilo Diaz Pineda
Sebasmoncada He/Him","Simic Aggro
Izzet Monument",Sebasmoncada won 2-0-0
Round 4,9,"Victor Santos Esquici
Lucas Fernandes He/Him","Dimir Combo
Simic Ouroboroid",Victor Santos Esquici won 2-0-0
Round 4,10,"Patricio Roman
Luis Navas Flores He/Him","Izzet Lessons
Mono-Red Aggro",Luis Navas Flores won 2-1-0
Round 4,11,"Carlos Torrico He/Him
Adriano Melo","Dimir Tempo
Izzet Lessons",Adriano Melo won 2-1-0
Round 4,12,"EduCarSan
Gabriel Fehr He/Him","Jeskai
Dimir Demons",EduCarSan won 2-0-0
Round 4,13,"Jhohan Mauricio Herrera Molina He/Him
SrLukas158 He/Him","Dimir Midrange
Boros Dragons",Jhohan Mauricio Herrera Molina won 2-1-0
Round 4,14,"Carvallo Tomas
SirClaudio He/They","Temur
Dimir Tempo",SirClaudio won 2-0-0
Round 4,15,"axeljami
Sebasti√°n Silva","Mono-Green Aggro
Simic Aggro",axeljami won 2-1-0
Round 4,16,"Daniel Fernandez [TeamDominus] They/Them
Lu√≠s Felippe Rossello Lima","Izzet Blink
Izzet Lessons",Lu√≠s Felippe Rossello Lima won 2-0-0
Round 4,17,"tchuco He/Him
RaulS","Golgari Midrange
Izzet Combo",tchuco won 2-1-0
Round 4,18,"FelipePola
Isael Feitosa He/Him","Mono-Red Aggro
Mono-Green Aggro",Isael Feitosa won 2-1-0
Round 4,19,"LuisVenegas He/Him
CaioAraujo999 He/Him","Izzet Lessons
Izzet Tempo",LuisVenegas won 2-0-0
Round 4,20,"Gabriel Castelo Garcia He/Him
Xecuter He/Him","Izzet Lessons
Temur Omniscience",Xecuter won 2-1-0
Round 4,21,"JoanCoussy
Andr√© Faustino","Temur Midrange
Dimir Demons",1-1-0 Draw
Round 4,22,"Yulios
Agustin Colombo He/Him","Dimir Midrange
Dimir Demons",Agustin Colombo won 2-0-0
Round 4,23,"Andr√©s Camargo
aloaiza23","Gruul Landfall
Jund Aggro",aloaiza23 won 2-1-0
Round 4,24,"LordSoth03
Emiliano Passoni","Sultai
Gruul Landfall",Emiliano Passoni won 2-0-0
Round 4,25,"p4nch020 He/Him
Jorge Aguirre He/Him","Azorius Tempo
Azorius Tempo",Jorge Aguirre won 2-0-0
Round 4,26,"_ZNT_
guiyote","Izzet Lessons
Azorius Tempo",guiyote won 2-1-0
Round 4,27,"KaszD3G He/Him
RALC","W-U-B-R-G Aggro
Dimir",RALC won 2-0-0
Round 4,28,"Hernan_Lobos He/Him
Brahiam","Gruul Aggro
Azorius Tempo",Hernan_Lobos won 2-1-0
Round 4,29,"Jonas Antunes He/Him
Ismael Lessa He/Him","Dimir Combo
Dimir Tempo",Jonas Antunes won 2-0-0
Round 4,30,"Rodrigo Pinheiro He/Him
Manuel Quiroga","Azorius Tempo
Mono-Red Aggro",Rodrigo Pinheiro won 2-1-0
Round 4,31,"Jimmyto Lara He/They
Rodrigo Mu√±oz","Dimir Midrange
Azorius",Rodrigo Mu√±oz won 2-0-0
Round 4,32,"JaackySalvati
Rud√° dos Reis He/Him","Izzet
Izzet Lessons",JaackySalvati won 2-1-0
Round 4,33,"Christian Calcano
Ricardo Ramos","Izzet Lessons
Simic Ouroboroid",Ricardo Ramos won 2-1-0
Round 4,34,"Juan Cruz Rodriguez Berjolis He/Him
Guilherme Vinicius Fragoso De Souza Guivini06 He/Him","Dimir Midrange
Izzet Tempo",Guilherme Vinicius Fragoso De Souza Guivini06 won 2-0-0
Round 4,35,"Martin Dominguez
kbsAA","Gruul Aggro
Jeskai Control",Martin Dominguez won 2-0-0
Round 4,36,"El_Comediante He/Him
Federico Giardini","Temur Combo
Simic Aggro",El_Comediante won 2-1-0
Round 4,37,"Nicolas Morales Macaya He/Him
shootMeInTheLeg","Gruul Landfall
Izzet Aggro",Nicolas Morales Macaya won 2-1-0
Round 4,38,"alikaik11 He/Him
Diego Almeida He/Him","Dimir Midrange
Rakdos Monument",Diego Almeida won 2-1-0
Round 4,39,"Rastaf
Emanuel Sutter He/Him","Dimir Demons
Azorius",Rastaf won 2-1-0
Round 4,40,"Denis Cabral Barbosa Dias He/Him
julianpastoriza","Boros Dragons
Jeskai Control",julianpastoriza won 2-1-0
Round 4,41,"Sebastian Cantor
Mario Palma He/Him","Mono-Red Aggro
W-U-B-R-G",Mario Palma won 2-1-0
Round 4,42,"Mendez He/Him
Freddy Paredes [Team Dominus] He/Him","Izzet
Dimir Midrange",Freddy Paredes [Team Dominus] won 2-1-0
Round 4,43,"Daniel Moncada Tabares
Thiago Saporito He/Him","Grixis Reanimator
Dimir Midrange",Thiago Saporito won 2-1-0
Round 4,44,"Camilo Ni√±o
Gasser Abdeslam He/Him","Dimir Tempo
Izzet Otters",Gasser Abdeslam won 2-0-0
Round 4,45,"Siiu911
Agustin Diaz He/Him","Mono-Green Landfall
Jeskai Control",Siiu911 won 2-1-0
Round 4,46,"hachenova
magic_zaraka He/Him","Izzet Midrange
Gruul Landfall",magic_zaraka won 2-0-0
Round 4,47,"guisantana2
Dihuen He/Him","Azorius Tempo
Dimir Reanimator",Dihuen won 2-1-0
Round 4,48,"Thiago Valle dos Santos He/Him
magicmam","Bant Ouroboroid
Mono-Green Aggro",magicmam won 2-0-0
Round 4,49,"gabrielstone
Xandre_Borges_","Simic Ouroboroid
Dimir",Xandre_Borges_ won 2-0-0
Round 4,50,"Jo√£o Jorge Sales Junior
Prezin He/Him","Dimir Control
Dimir Control",Jo√£o Jorge Sales Junior won 2-1-0
Round 4,51,"Mauricio Iriarte Valenzuela
Lucas Lupatini He/Him","Dimir Midrange
Dimir Midrange",1-1-0 Draw
Round 4,52,"üôâ Caio Errerias He/Him
Ariel Cicchitti","Jeskai Control
Dimir Demons",Ariel Cicchitti won 2-0-0
Round 4,53,"ThiagoPG
Dustyn_Aranda He/Him","Dimir
Dimir Demons",Dustyn_Aranda won 2-0-0
Round 4,54,"Eddie Dominguez He/Him
Pedro Gonzalez He/Him","Izzet Looting
Azorius Control",Pedro Gonzalez won 2-0-0
Round 4,55,"ailechan
hendrik21","Dimir Tempo
Dimir Midrange",ailechan won 2-1-0
Round 4,56,"Andres V√°squez
Agnaldo dos Santos Teixeira Junior Gnarr","Gruul Landfall
Dimir Control",Andres V√°squez won 2-0-0
Round 4,57,"Andres Cifuentes He/Him
RodolfoZuinConstantino He/Him","Azorius Flash
Bant Combo",1-1-0 Draw
Round 4,58,"Julio Bejarano Espejo He/Him
Leonardo Lambiasi He/Him","Dimir Midrange
Temur Combo",Julio Bejarano Espejo won 2-0-0
Round 4,59,"Diego Galaz
Andre Hassan","Izzet Lessons
Grixis Demons",Diego Galaz won 2-1-0
Round 4,60,"MaximilianKalm
NicholasPohren He/Him","Mono-Green Landfall
Dimir Control",MaximilianKalm won 2-1-0
Round 4,61,"JMoreirasn He/Him
AlexBanacloy","Izzet Tempo
Boros Aggro",AlexBanacloy won 2-1-0
Round 4,62,"RODRIGOO
Fernando Passos","Mono-White Tokens
W-U-B-G Midrange",Fernando Passos won 2-1-0
Round 4,63,"Jos√© Carlos Lanzarotti Junior He/Him
Danilo Almeida","Mono-Red Aggro
Rakdos Monument",Danilo Almeida won 2-1-0
Round 4,64,"DarioVergara He/Him
Lucas Rodriguez","W-U-R-G Omniscience
Izzet Aggro",DarioVergara won 2-1-0
Round 4,65,"Gabriel Saba He/Him
MARCOSHBF He/Him","Izzet Lessons
Mono-Green Landfall",MARCOSHBF won 2-0-0
Round 4,66,"Julian Prado
Gibaft","Azorius Tempo
Sultai Reanimator",Gibaft won 2-1-0
Round 4,67,"zerokangs He/Him
LuckZebra He/Him","Sultai Midrange
Jeskai Artifacts",zerokangs won 2-0-0
Round 4,68,"Arthur Alves da Silva He/Him
AdamSchwartz","Dimir Midrange
Dimir Midrange",AdamSchwartz won 2-0-0
Round 4,69,"Rudzilla_Rudson He/Him
Marcos Paredes He/Him","Izzet Prowess
Mono-Green Aggro",Marcos Paredes won 2-1-0
Round 4,70,"lobao
julianofofo","Golgari
Mono-Red Aggro",julianofofo won 2-0-0
Round 4,71,"Francisco ignacio andres Vargas ortiz He/Him
Andr√© Ramos Lima","Izzet Monument
Boros Aggro",Andr√© Ramos Lima won 2-1-0
Round 4,72,"Felipe Schnyder
LuisGutierrez He/Him","Simic Aggro
Dimir Midrange",Felipe Schnyder won 2-1-0
Round 4,73,"oscarlevel152
guiadissy","Dimir
Temur",guiadissy won 2-1-0
Round 4,74,"Matheus Cunha
Pedro Paulo Albuquerque Caraciolo He/They","Sultai Midrange
Dimir Demons",Pedro Paulo Albuquerque Caraciolo won 2-1-0
Round 4,75,"Erichartman
GUSTAVO CORAIOLA He/Him","Izzet
Mono-Green Landfall",Erichartman won 2-1-0
Round 4,76,"MarcoAurelioLima He/Him
NicoDays She/They","W-U-B-G Ouroboroid
Izzet Aggro",MarcoAurelioLima won 2-1-0
Round 4,77,"Gustavo Fischer He/Him
Luis Monta√±a He/Him","Selesnya Landfall
Dimir Midrange",Gustavo Fischer won 2-0-0
Round 4,78,"Lauro Olsen He/Him
Rodrigo Mu√±oz G√≥mez He/Him","Dimir Control
Boros Aggro",Lauro Olsen won 2-1-0
Round 4,79,"Est√™v√£o Rudi Arntz
Mariano de Gregorio He/Him","Izzet Lessons
Dimir Midrange",Mariano de Gregorio won 2-0-0
Round 4,80,"Francisco Bertomeu
LuGoCa","Izzet
Temur Combo",Francisco Bertomeu won 2-0-0
Round 4,81,"Francisco Vega
Spribnow","Rakdos Midrange
Dimir Control",Spribnow won 2-1-0
Round 4,82,"Kathalarr
Eljuano He/Him","Dimir Midrange
Mono-Green Landfall",Eljuano won 2-0-0
Round 4,83,"VBocchS
Fellipe Emar He/Him","Dimir Midrange
Sultai Reanimator",Fellipe Emar won 2-0-0
Round 4,84,"Guilherme Guedes He/Him
Javier N√∫√±ez He/Him","Sultai Reanimator
Gruul Landfall",Javier N√∫√±ez won 2-1-0
Round 4,85,"CarlosR41
Mateus de Carvalho He/Him","Rakdos Monument
Jeskai Control",CarlosR41 won 2-0-0
Round 4,86,"Bruno Volpato
Viniimato He/Him","Gruul Aggro
Jeskai Artifacts",Viniimato won 2-0-0
Round 4,87,"Carlos Morales U
Renan Carrion He/Him","Izzet Lessons
Boros Dragons",Carlos Morales U won 2-1-0
Round 4,88,"Walter Coquemala Filho He/Him
Antonio Lucas Longo","Temur Combo
Izzet Combo",Antonio Lucas Longo won 2-1-0
Round 4,89,"Darwin Fuenzalida He/Him
Marcelo L√≥pez Lagos","Izzet Bounce
Dimir",Marcelo L√≥pez Lagos won 2-0-0
Round 4,90,"Tiago Bittencourt
CamiloRojas","Izzet Tempo
Dimir Tempo",1-1-0 Draw
Round 4,91,"Mircho
gabriel martinez He/Him","Golgari Midrange
Mono-Green Midrange",gabriel martinez won 2-0-0
Round 4,92,"managa He/Him
Francisco Gonzalez","Dimir Midrange
Izzet Prowess",Francisco Gonzalez won 2-0-0
Round 4,93,"Bastian Mu√±oz Pizarro He/Him
TIAGO PINHEIRO","Azorius Control
Azorius Tempo",1-1-0 Draw
Round 4,94,"Andyu He/Him
LucasRJ","Dimir Midrange
Izzet Lessons",Andyu won 2-0-0
Round 4,95,"Thiago Odasaki
Carlos Medina He/Him","Temur
Dimir Combo",Carlos Medina won 2-1-0
Round 4,96,"222maxi222
Pablo Cuello He/Him","Jund Aggro
Dimir Combo",Pablo Cuello won 2-0-0
Round 4,97,"leandro bujones
Diego Quintero","Jeskai Control
Izzet",Diego Quintero won 2-0-0
Round 4,98,"criacuna21
tony15974","Jeskai Control
Izzet Midrange",tony15974 won 2-1-0
Round 4,99,"Jhonatan Restrepo He/Him
Adrien Venancio He/Him","Izzet Control
Simic Ouroboroid",Jhonatan Restrepo won 2-0-0
Round 5,1,"Everton Julian Silva Goulart He/Him
Borreguinhas He/Him","Rakdos Aggro
Mono-Green Landfall",Borreguinhas won 2-1-0
Round 5,2,"Victor Santos Esquici
Luis Navas Flores He/Him","Dimir Combo
Mono-Red Aggro",Victor Santos Esquici won 2-1-0
Round 5,3,"Marcelo Rodrigues Cavalcante He/Him
Thiago Souza He/Him","Dimir Midrange
Izzet Lessons",Thiago Souza won 2-0-0
Round 5,4,"GuillermoLoli
Sebasmoncada He/Him","Mono-Green Landfall
Izzet Monument",GuillermoLoli won 2-1-0
Round 5,5,"Adriano Melo
Marco Figueroa He/Him","Izzet Lessons
Boros Dragons",Adriano Melo won 2-0-0
Round 5,6,"ariranhasx
SirClaudio He/They","Dimir Demons
Dimir Tempo",ariranhasx won 2-0-0
Round 5,7,"Jorge Aguirre He/Him
Jhohan Mauricio Herrera Molina He/Him","Azorius Tempo
Dimir Midrange",Jorge Aguirre won 2-0-0
Round 5,8,"axeljami
LuisVenegas He/Him","Mono-Green Aggro
Izzet Lessons",LuisVenegas won 2-0-0
Round 5,9,"camilo Diaz Pineda
Dihuen He/Him","Simic Aggro
Dimir Reanimator",Dihuen won 2-0-0
Round 5,10,"tchuco He/Him
Diego Eneas Garcia He/Him","Golgari Midrange
Bant Airbending",Diego Eneas Garcia won 2-1-0
Round 5,11,"JOAO QUEGE
Nicolas Morales Macaya He/Him","Boros Dragons
Gruul Landfall",JOAO QUEGE won 2-1-0
Round 5,12,"RaulS
Gabriel Fehr He/Him","Izzet Combo
Dimir Demons",Gabriel Fehr won 2-0-0
Round 5,13,"Ricardo Ramos
Patricio Roman","Simic Ouroboroid
Izzet Lessons",Patricio Roman won 2-0-0
Round 5,14,"guiyote
Jonas Antunes He/Him","Azorius Tempo
Dimir Combo",guiyote won 2-0-0
Round 5,15,"julianpastoriza
Daniel Lopez","Jeskai Control
Rakdos Aggro",julianpastoriza won 2-0-0
Round 5,16,"Lu√≠s Felippe Rossello Lima
JaackySalvati","Izzet Lessons
Izzet",JaackySalvati won 2-0-0
Round 5,17,"Xecuter He/Him
Carlos Torrico He/Him","Temur Omniscience
Dimir Tempo",Carlos Torrico won 2-0-0
Round 5,18,"Rodrigo Mu√±oz
Guilherme Vinicius Fragoso De Souza Guivini06 He/Him","Azorius
Izzet Tempo",Guilherme Vinicius Fragoso De Souza Guivini06 won 2-0-0
Round 5,19,"Hernan_Lobos He/Him
RALC","Gruul Aggro
Dimir",RALC won 2-1-0
Round 5,20,"Diego Almeida He/Him
Emiliano Passoni","Rakdos Monument
Gruul Landfall",Emiliano Passoni won 2-0-0
Round 5,21,"Jayme He/Him
aloaiza23","Boros Aggro
Jund Aggro",aloaiza23 won 2-0-0
Round 5,22,"Lucas Fernandes He/Him
Agustin Colombo He/Him","Simic Ouroboroid
Dimir Demons",Lucas Fernandes won 2-0-0
Round 5,23,"Gasser Abdeslam He/Him
Mario Palma He/Him","Izzet Otters
W-U-B-R-G",Mario Palma won 2-0-0
Round 5,24,"Isael Feitosa He/Him
magic_zaraka He/Him","Mono-Green Aggro
Gruul Landfall",Isael Feitosa won 2-1-0
Round 5,25,"Xandre_Borges_
Lucas Herv√°s","Dimir
Mono-Green Landfall",Lucas Herv√°s won 2-1-0
Round 5,26,"magicmam
Davi Mangolin Filho He/Him","Mono-Green Aggro
Bant Combo",Davi Mangolin Filho won 2-1-0
Round 5,27,"El_Comediante He/Him
Rodrigo Pinheiro He/Him","Temur Combo
Azorius Tempo",Rodrigo Pinheiro won 2-0-0
Round 5,28,"Thiago Saporito He/Him
Freddy Paredes [Team Dominus] He/Him","Dimir Midrange
Dimir Midrange",Thiago Saporito won 2-0-0
Round 5,29,"Siiu911
Charlesz","Mono-Green Landfall
Izzet Lessons",Siiu911 won 2-0-0
Round 5,30,"Martin Dominguez
Jo√£o Jorge Sales Junior","Gruul Aggro
Dimir Control",Martin Dominguez won 2-0-0
Round 5,31,"ailechan
SrLukas158 He/Him","Dimir Tempo
Boros Dragons",SrLukas158 won 2-1-0
Round 5,32,"p4nch020 He/Him
Pedro Gonzalez He/Him","Azorius Tempo
Azorius Control",Pedro Gonzalez won 2-1-0
Round 5,33,"Carvallo Tomas
Ariel Cicchitti","Temur
Dimir Demons",Ariel Cicchitti won 2-1-0
Round 5,34,"Sebasti√°n Silva
Andr√© Faustino","Simic Aggro
Dimir Demons",Sebasti√°n Silva won 2-0-0
Round 5,35,"Andres V√°squez
JoanCoussy","Gruul Landfall
Temur Midrange",1-1-0 Draw
Round 5,36,"Dustyn_Aranda He/Him
CaioAraujo999 He/Him","Dimir Demons
Izzet Tempo",CaioAraujo999 won 2-1-0
Round 5,37,"gabrielstone
Carlos Morales U","Simic Ouroboroid
Izzet Lessons",Carlos Morales U won 2-0-0
Round 5,38,"Agustin Diaz He/Him
guiadissy","Jeskai Control
Temur",guiadissy won 2-1-0
Round 5,39,"_ZNT_
DarioVergara He/Him","Izzet Lessons
W-U-R-G Omniscience",_ZNT_ won 2-0-0
Round 5,40,"LordSoth03
Andr√©s Camargo","Sultai
Gruul Landfall",Andr√©s Camargo won 2-1-0
Round 5,41,"Brahiam
tony15974","Azorius Tempo
Izzet Midrange",Brahiam won 2-1-0
Round 5,42,"Jimmyto Lara He/They
MarcoAurelioLima He/Him","Dimir Midrange
W-U-B-G Ouroboroid",MarcoAurelioLima won 2-1-0
Round 5,43,"AdamSchwartz
Fellipe Emar He/Him","Dimir Midrange
Sultai Reanimator",Fellipe Emar won 2-1-0
Round 5,44,"MaximilianKalm
Mauricio Iriarte Valenzuela","Mono-Green Landfall
Dimir Midrange",Mauricio Iriarte Valenzuela won 2-1-0
Round 5,45,"Mendez He/Him
Spribnow","Izzet
Dimir Control",1-1-0 Draw
Round 5,46,"MARCOSHBF He/Him
Fernando Passos","Mono-Green Landfall
W-U-B-G Midrange",MARCOSHBF won 2-1-0
Round 5,47,"alikaik11 He/Him
zerokangs He/Him","Dimir Midrange
Sultai Midrange",zerokangs won 2-1-0
Round 5,48,"Antonio Lucas Longo
Manuel Quiroga","Izzet Combo
Mono-Red Aggro",Manuel Quiroga won 2-0-0
Round 5,49,"Eljuano He/Him
CarlosR41","Mono-Green Landfall
Rakdos Monument",Eljuano won 2-1-0
Round 5,50,"Emanuel Sutter He/Him
Viniimato He/Him","Azorius
Jeskai Artifacts",Emanuel Sutter won 2-0-0
Round 5,51,"Andr√© Ramos Lima
Gibaft","Boros Aggro
Sultai Reanimator",Andr√© Ramos Lima won 2-1-0
Round 5,52,"Thiago Valle dos Santos He/Him
Daniel Moncada Tabares","Bant Ouroboroid
Grixis Reanimator",Thiago Valle dos Santos won 2-0-0
Round 5,53,"Marcos Paredes He/Him
FelipePola","Mono-Green Aggro
Mono-Red Aggro",Marcos Paredes won 2-0-0
Round 5,54,"Erichartman
Gabriel Castelo Garcia He/Him","Izzet
Izzet Lessons",Gabriel Castelo Garcia won 2-1-0
Round 5,55,"hachenova
KaszD3G He/Him","Izzet Midrange
W-U-B-R-G Aggro",hachenova won 2-1-0
Round 5,56,"Pedro Paulo Albuquerque Caraciolo He/They
guisantana2","Dimir Demons
Azorius Tempo",Pedro Paulo Albuquerque Caraciolo won 2-0-0
Round 5,57,"Rastaf
EduCarSan","Dimir Demons
Jeskai",Rastaf won 2-1-0
Round 5,58,"Gustavo Fischer He/Him
Daniel Fernandez [TeamDominus] They/Them","Selesnya Landfall
Izzet Blink",Gustavo Fischer won 2-1-0
Round 5,59,"kbsAA
shootMeInTheLeg","Jeskai Control
Izzet Aggro",kbsAA won 2-0-0
Round 5,60,"Diego Galaz
Ismael Lessa He/Him","Izzet Lessons
Dimir Tempo",Ismael Lessa won 2-0-0
Round 5,61,"Juan Cruz Rodriguez Berjolis He/Him
Yulios","Dimir Midrange
Dimir Midrange",Juan Cruz Rodriguez Berjolis won 2-0-0
Round 5,62,"Sebastian Cantor
Marcelo L√≥pez Lagos","Mono-Red Aggro
Dimir",Marcelo L√≥pez Lagos won 2-0-0
Round 5,63,"Javier N√∫√±ez He/Him
Denis Cabral Barbosa Dias He/Him","Gruul Landfall
Boros Dragons",Javier N√∫√±ez won 2-0-0
Round 5,64,"Lauro Olsen He/Him
Felipe Schnyder","Dimir Control
Simic Aggro",Felipe Schnyder won 2-0-0
Round 5,65,"Danilo Almeida
Rud√° dos Reis He/Him","Rakdos Monument
Izzet Lessons",Danilo Almeida won 2-1-0
Round 5,66,"Francisco Bertomeu
Julio Bejarano Espejo He/Him","Izzet
Dimir Midrange",Francisco Bertomeu won 2-1-0
Round 5,67,"Christian Calcano
Mariano de Gregorio He/Him","Izzet Lessons
Dimir Midrange",Christian Calcano won 2-0-0
Round 5,68,"AlexBanacloy
Camilo Ni√±o","Boros Aggro
Dimir Tempo",Camilo Ni√±o won 2-0-0
Round 5,69,"Lucas Lupatini He/Him
Andres Cifuentes He/Him","Dimir Midrange
Azorius Flash",Lucas Lupatini won 2-0-0
Round 5,70,"Pablo Cuello He/Him
julianofofo","Dimir Combo
Mono-Red Aggro",julianofofo won 2-1-0
Round 5,71,"ThiagoPG
Andyu He/Him","Dimir
Dimir Midrange",1-1-1 Draw
Round 5,72,"gabriel martinez He/Him
üôâ Caio Errerias He/Him","Mono-Green Midrange
Jeskai Control",gabriel martinez won 2-1-0
Round 5,73,"hendrik21
Prezin He/Him","Dimir Midrange
Dimir Control",Prezin won 2-1-0
Round 5,74,"Agnaldo dos Santos Teixeira Junior Gnarr
criacuna21","Dimir Control
Jeskai Control",criacuna21 won 2-1-0
Round 5,75,"GUSTAVO CORAIOLA He/Him
Lucas Rodriguez","Mono-Green Landfall
Izzet Aggro",GUSTAVO CORAIOLA won 2-1-0
Round 5,76,"RodolfoZuinConstantino He/Him
Francisco Gonzalez","Bant Combo
Izzet Prowess",RodolfoZuinConstantino won 2-1-0
Round 5,77,"Jhonatan Restrepo He/Him
Est√™v√£o Rudi Arntz","Izzet Control
Izzet Lessons",Jhonatan Restrepo won 2-1-0
Round 5,78,"RODRIGOO
Rodrigo Mu√±oz G√≥mez He/Him","Mono-White Tokens
Boros Aggro",RODRIGOO won 2-0-0
Round 5,79,"NicoDays She/They
NicholasPohren He/Him","Izzet Aggro
Dimir Control",NicoDays won 2-1-0
Round 5,80,"Andre Hassan
Diego Quintero","Grixis Demons
Izzet",Diego Quintero won 2-0-0
Round 5,81,"Francisco ignacio andres Vargas ortiz He/Him
Francisco Vega","Izzet Monument
Rakdos Midrange",Francisco ignacio andres Vargas ortiz won 2-0-0
Round 5,82,"LuGoCa
oscarlevel152","Temur Combo
Dimir",oscarlevel152 won 2-1-0
Round 5,83,"Bruno Volpato
Carlos Medina He/Him","Gruul Aggro
Dimir Combo",Bruno Volpato won 2-0-0
Round 5,84,"Mateus de Carvalho He/Him
Walter Coquemala Filho He/Him","Jeskai Control
Temur Combo",Mateus de Carvalho won 2-0-0
Round 5,85,"lshiga
Leonardo Lambiasi He/Him","Mono-Green
Temur Combo",lshiga won 2-1-0
Round 5,86,"Guilherme Guedes He/Him
LuckZebra He/Him","Sultai Reanimator
Jeskai Artifacts",LuckZebra won 2-0-0
Round 5,87,"JMoreirasn He/Him
CamiloRojas","Izzet Tempo
Dimir Tempo",1-1-0 Draw
Round 5,88,"Tiago Bittencourt
TIAGO PINHEIRO","Izzet Tempo
Azorius Tempo",TIAGO PINHEIRO won 2-0-0
Round 5,89,"Bastian Mu√±oz Pizarro He/Him
Mircho","Azorius Control
Golgari Midrange",Mircho won 2-0-0
Round 5,90,"Adrien Venancio He/Him
LucasRJ","Simic Ouroboroid
Izzet Lessons",Adrien Venancio won 2-0-0
Round 5,91,"Thiago Odasaki
lobao","Temur
Golgari",lobao won 2-1-0
Round 6,1,"Thiago Souza He/Him
ariranhasx","Izzet Lessons
Dimir Demons",ariranhasx won 2-1-0
Round 6,2,"Adriano Melo
Borreguinhas He/Him","Izzet Lessons
Mono-Green Landfall",Borreguinhas won 2-1-0
Round 6,3,"Victor Santos Esquici
GuillermoLoli","Dimir Combo
Mono-Green Landfall",GuillermoLoli won 2-0-0
Round 6,4,"Jorge Aguirre He/Him
Luis Navas Flores He/Him","Azorius Tempo
Mono-Red Aggro",Luis Navas Flores won 2-0-0
Round 6,5,"Isael Feitosa He/Him
aloaiza23","Mono-Green Aggro
Jund Aggro",Isael Feitosa won 2-0-0
Round 6,6,"julianpastoriza
Mario Palma He/Him","Jeskai Control
W-U-B-R-G",julianpastoriza won 2-1-0
Round 6,7,"Lucas Fernandes He/Him
Rodrigo Pinheiro He/Him","Simic Ouroboroid
Azorius Tempo",Rodrigo Pinheiro won 2-1-0
Round 6,8,"Siiu911
Marco Figueroa He/Him","Mono-Green Landfall
Boros Dragons",Siiu911 won 2-0-0
Round 6,9,"Patricio Roman
Everton Julian Silva Goulart He/Him","Izzet Lessons
Rakdos Aggro",Patricio Roman won 2-1-0
Round 6,10,"Thiago Saporito He/Him
Diego Eneas Garcia He/Him","Dimir Midrange
Bant Airbending",Diego Eneas Garcia won 2-0-0
Round 6,11,"Rastaf
Sebasmoncada He/Him","Dimir Demons
Izzet Monument",Rastaf won 2-1-0
Round 6,12,"Gabriel Fehr He/Him
Pedro Paulo Albuquerque Caraciolo He/They","Dimir Demons
Dimir Demons",Gabriel Fehr won 2-1-0
Round 6,13,"Martin Dominguez
JaackySalvati","Gruul Aggro
Izzet",Martin Dominguez won 2-0-0
Round 6,14,"Marcelo Rodrigues Cavalcante He/Him
RALC","Dimir Midrange
Dimir",RALC won 2-1-0
Round 6,15,"Davi Mangolin Filho He/Him
Carlos Torrico He/Him","Bant Combo
Dimir Tempo",Carlos Torrico won 2-0-0
Round 6,16,"Lucas Herv√°s
JOAO QUEGE","Mono-Green Landfall
Boros Dragons",JOAO QUEGE won 2-0-0
Round 6,17,"Dihuen He/Him
LuisVenegas He/Him","Dimir Reanimator
Izzet Lessons",LuisVenegas won 2-0-0
Round 6,18,"Emiliano Passoni
Pedro Gonzalez He/Him","Gruul Landfall
Azorius Control",Emiliano Passoni won 2-0-0
Round 6,19,"SrLukas158 He/Him
SirClaudio He/They","Boros Dragons
Dimir Tempo",SirClaudio won 2-0-0
Round 6,20,"Sebasti√°n Silva
Ariel Cicchitti","Simic Aggro
Dimir Demons",Sebasti√°n Silva won 2-1-0
Round 6,21,"Jhohan Mauricio Herrera Molina He/Him
camilo Diaz Pineda","Dimir Midrange
Simic Aggro",camilo Diaz Pineda won 2-0-0
Round 6,22,"axeljami
Xandre_Borges_","Mono-Green Aggro
Dimir",1-1-0 Draw
Round 6,23,"tchuco He/Him
Camilo Ni√±o","Golgari Midrange
Dimir Tempo",Camilo Ni√±o won 2-0-0
Round 6,24,"Marcelo L√≥pez Lagos
guiadissy","Dimir
Temur",Marcelo L√≥pez Lagos won 2-0-0
Round 6,25,"hachenova
Marcos Paredes He/Him","Izzet Midrange
Mono-Green Aggro",Marcos Paredes won 2-1-0
Round 6,26,"Ricardo Ramos
magicmam","Simic Ouroboroid
Mono-Green Aggro",Ricardo Ramos won 2-1-0
Round 6,27,"Jonas Antunes He/Him
Diego Almeida He/Him","Dimir Combo
Rakdos Monument",Jonas Antunes won 2-1-0
Round 6,28,"Brahiam
magic_zaraka He/Him","Azorius Tempo
Gruul Landfall",magic_zaraka won 2-0-0
Round 6,29,"Jayme He/Him
Manuel Quiroga","Boros Aggro
Mono-Red Aggro",Manuel Quiroga won 2-1-0
Round 6,30,"Gustavo Fischer He/Him
Emanuel Sutter He/Him","Selesnya Landfall
Azorius",Emanuel Sutter won 2-1-0
Round 6,31,"EduCarSan
Rodrigo Mu√±oz","Jeskai
Azorius",Rodrigo Mu√±oz won 2-1-0
Round 6,32,"Ismael Lessa He/Him
_ZNT_","Dimir Tempo
Izzet Lessons",Ismael Lessa won 2-0-0
Round 6,33,"MARCOSHBF He/Him
El_Comediante He/Him","Mono-Green Landfall
Temur Combo",El_Comediante won 2-1-0
Round 6,34,"Danilo Almeida
Carlos Morales U","Rakdos Monument
Izzet Lessons",Carlos Morales U won 2-0-0
Round 6,35,"Xecuter He/Him
CaioAraujo999 He/Him","Temur Omniscience
Izzet Tempo",CaioAraujo999 won 2-0-0
Round 6,36,"Mauricio Iriarte Valenzuela
Nicolas Morales Macaya He/Him","Dimir Midrange
Gruul Landfall",Nicolas Morales Macaya won 2-1-0
Round 6,37,"Thiago Valle dos Santos He/Him
Felipe Schnyder","Bant Ouroboroid
Simic Aggro",Felipe Schnyder won 2-1-0
Round 6,38,"Andr√©s Camargo
MarcoAurelioLima He/Him","Gruul Landfall
W-U-B-G Ouroboroid",MarcoAurelioLima won 2-1-0
Round 6,39,"Daniel Lopez
Eljuano He/Him","Rakdos Aggro
Mono-Green Landfall",Eljuano won 2-1-0
Round 6,40,"Freddy Paredes [Team Dominus] He/Him
zerokangs He/Him","Dimir Midrange
Sultai Midrange",Freddy Paredes [Team Dominus] won 2-1-0
Round 6,41,"Fellipe Emar He/Him
Lu√≠s Felippe Rossello Lima","Sultai Reanimator
Izzet Lessons",Fellipe Emar won 2-0-0
Round 6,42,"guiyote
Guilherme Vinicius Fragoso De Souza Guivini06 He/Him","Azorius Tempo
Izzet Tempo",guiyote won 2-1-0
Round 6,43,"Gasser Abdeslam He/Him
Christian Calcano","Izzet Otters
Izzet Lessons",Gasser Abdeslam won 2-0-0
Round 6,44,"Javier N√∫√±ez He/Him
Andr√© Ramos Lima","Gruul Landfall
Boros Aggro",Andr√© Ramos Lima won 2-1-0
Round 6,45,"Agustin Colombo He/Him
kbsAA","Dimir Demons
Jeskai Control",kbsAA won 2-0-0
Round 6,46,"Gabriel Castelo Garcia He/Him
Francisco Bertomeu","Izzet Lessons
Izzet",1-1-0 Draw
Round 6,47,"Hernan_Lobos He/Him
Charlesz","Gruul Aggro
Izzet Lessons",Charlesz won 2-0-0
Round 6,48,"Juan Cruz Rodriguez Berjolis He/Him
Andres V√°squez","Dimir Midrange
Gruul Landfall",Andres V√°squez won 2-1-0
Round 6,49,"JoanCoussy
RodolfoZuinConstantino He/Him","Temur Midrange
Bant Combo",RodolfoZuinConstantino won 2-1-0
Round 6,50,"Jo√£o Jorge Sales Junior
Lucas Lupatini He/Him","Dimir Control
Dimir Midrange",Lucas Lupatini won 2-1-0
Round 6,51,"Andr√© Faustino
Spribnow","Dimir Demons
Dimir Control",Spribnow won 2-1-0
Round 6,52,"Dustyn_Aranda He/Him
ailechan","Dimir Demons
Dimir Tempo",ailechan won 2-1-0
Round 6,53,"Prezin He/Him
gabriel martinez He/Him","Dimir Control
Mono-Green Midrange",gabriel martinez won 2-0-0
Round 6,54,"p4nch020 He/Him
Mendez He/Him","Azorius Tempo
Izzet",Mendez won 2-0-0
Round 6,55,"Carvallo Tomas
Francisco ignacio andres Vargas ortiz He/Him","Temur
Izzet Monument",Carvallo Tomas won 2-1-0
Round 6,56,"LordSoth03
lshiga","Sultai
Mono-Green",LordSoth03 won 2-1-0
Round 6,57,"Daniel Moncada Tabares
Agustin Diaz He/Him","Grixis Reanimator
Jeskai Control",Agustin Diaz won 2-0-0
Round 6,58,"Lauro Olsen He/Him
Gibaft","Dimir Control
Sultai Reanimator",Lauro Olsen won 2-0-0
Round 6,59,"alikaik11 He/Him
RODRIGOO","Dimir Midrange
Mono-White Tokens",alikaik11 won 2-0-0
Round 6,60,"criacuna21
Antonio Lucas Longo","Jeskai Control
Izzet Combo",Antonio Lucas Longo won 2-1-0
Round 6,61,"MaximilianKalm
Sebastian Cantor","Mono-Green Landfall
Mono-Red Aggro",MaximilianKalm won 2-0-0
Round 6,62,"Mateus de Carvalho He/Him
shootMeInTheLeg","Jeskai Control
Izzet Aggro",shootMeInTheLeg won 2-0-0
Round 6,63,"oscarlevel152
Jhonatan Restrepo He/Him","Dimir
Izzet Control",1-1-1 Draw
Round 6,64,"Julio Bejarano Espejo He/Him
Rud√° dos Reis He/Him","Dimir Midrange
Izzet Lessons",Julio Bejarano Espejo won 2-0-0
Round 6,65,"AdamSchwartz
Fernando Passos","Dimir Midrange
W-U-B-G Midrange",AdamSchwartz won 2-0-0
Round 6,66,"tony15974
Bruno Volpato","Izzet Midrange
Gruul Aggro",Bruno Volpato won 2-1-0
Round 6,67,"AlexBanacloy
Mariano de Gregorio He/Him","Boros Aggro
Dimir Midrange",Mariano de Gregorio won 2-0-0
Round 6,68,"Daniel Fernandez [TeamDominus] They/Them
Diego Galaz","Izzet Blink
Izzet Lessons",Diego Galaz won 2-0-0
Round 6,69,"Denis Cabral Barbosa Dias He/Him
DarioVergara He/Him","Boros Dragons
W-U-R-G Omniscience",Denis Cabral Barbosa Dias won 2-0-0
Round 6,70,"julianofofo
Yulios","Mono-Red Aggro
Dimir Midrange",julianofofo won 2-0-0
Round 6,71,"GUSTAVO CORAIOLA He/Him
Viniimato He/Him","Mono-Green Landfall
Jeskai Artifacts",GUSTAVO CORAIOLA won 2-1-0
Round 6,72,"KaszD3G He/Him
NicoDays She/They","W-U-B-R-G Aggro
Izzet Aggro",NicoDays won 2-0-0
Round 6,73,"guisantana2
Diego Quintero","Azorius Tempo
Izzet",guisantana2 won 2-0-0
Round 6,74,"Erichartman
LuckZebra He/Him","Izzet
Jeskai Artifacts",LuckZebra won 2-1-0
Round 6,75,"FelipePola
CarlosR41","Mono-Red Aggro
Rakdos Monument",CarlosR41 won 2-1-0
Round 6,76,"ThiagoPG
TIAGO PINHEIRO","Dimir
Azorius Tempo",TIAGO PINHEIRO won 2-1-0
Round 6,77,"Andyu He/Him
JMoreirasn He/Him","Dimir Midrange
Izzet Tempo",Andyu won 2-1-0
Round 6,78,"hendrik21
Mircho","Dimir Midrange
Golgari Midrange",Mircho won 2-1-0
Round 6,79,"Francisco Gonzalez
Agnaldo dos Santos Teixeira Junior Gnarr","Izzet Prowess
Dimir Control",Francisco Gonzalez won 2-0-0
Round 6,80,"Lucas Rodriguez
Leonardo Lambiasi He/Him","Izzet Aggro
Temur Combo",Lucas Rodriguez won 2-0-0
Round 6,81,"NicholasPohren He/Him
CamiloRojas","Dimir Control
Dimir Tempo",NicholasPohren won 2-0-0
Round 6,82,"LuGoCa
Est√™v√£o Rudi Arntz","Temur Combo
Izzet Lessons",Est√™v√£o Rudi Arntz won 2-0-0
Round 6,83,"Adrien Venancio He/Him
Walter Coquemala Filho He/Him","Simic Ouroboroid
Temur Combo",Adrien Venancio won 2-0-0
Round 6,84,"lobao
Tiago Bittencourt","Golgari
Izzet Tempo",Tiago Bittencourt won 2-0-0
Round 6,85,"Thiago Odasaki
LucasRJ","Temur
Izzet Lessons",Thiago Odasaki won 2-1-0
Round 7,-,LucasRJ,Izzet Lessons,LucasRJ was assigned a bye
Round 7,1,"Borreguinhas He/Him
GuillermoLoli","Mono-Green Landfall
Mono-Green Landfall",0-0-3 Draw
Round 7,2,"ariranhasx
Rastaf","Dimir Demons
Dimir Demons",Rastaf won 2-0-0
Round 7,3,"LuisVenegas He/Him
Adriano Melo","Izzet Lessons
Izzet Lessons",Adriano Melo won 2-1-0
Round 7,4,"Carlos Torrico He/Him
Diego Eneas Garcia He/Him","Dimir Tempo
Bant Airbending",Carlos Torrico won 2-1-0
Round 7,5,"Emiliano Passoni
guiyote","Gruul Landfall
Azorius Tempo",guiyote won 2-0-0
Round 7,6,"JOAO QUEGE
Luis Navas Flores He/Him","Boros Dragons
Mono-Red Aggro",JOAO QUEGE won 2-0-0
Round 7,7,"Siiu911
Thiago Souza He/Him","Mono-Green Landfall
Izzet Lessons",Siiu911 won 2-1-0
Round 7,8,"Martin Dominguez
Isael Feitosa He/Him","Gruul Aggro
Mono-Green Aggro",Isael Feitosa won 2-1-0
Round 7,9,"Patricio Roman
RALC","Izzet Lessons
Dimir",Patricio Roman won 2-0-0
Round 7,10,"julianpastoriza
Victor Santos Esquici","Jeskai Control
Dimir Combo",Victor Santos Esquici won 2-0-0
Round 7,11,"Rodrigo Pinheiro He/Him
Sebasti√°n Silva","Azorius Tempo
Simic Aggro",Rodrigo Pinheiro won 2-1-0
Round 7,12,"Freddy Paredes [Team Dominus] He/Him
Gabriel Fehr He/Him","Dimir Midrange
Dimir Demons",Gabriel Fehr won 2-0-0
Round 7,13,"camilo Diaz Pineda
Nicolas Morales Macaya He/Him","Simic Aggro
Gruul Landfall",Nicolas Morales Macaya won 2-1-0
Round 7,14,"El_Comediante He/Him
Marco Figueroa He/Him","Temur Combo
Boros Dragons",Marco Figueroa won 2-0-0
Round 7,15,"Thiago Saporito He/Him
aloaiza23","Dimir Midrange
Jund Aggro",Thiago Saporito won 2-0-0
Round 7,16,"Felipe Schnyder
Marcelo Rodrigues Cavalcante He/Him","Simic Aggro
Dimir Midrange",Marcelo Rodrigues Cavalcante won 2-0-0
Round 7,17,"Marcos Paredes He/Him
Gasser Abdeslam He/Him","Mono-Green Aggro
Izzet Otters",Marcos Paredes won 2-1-0
Round 7,18,"Lucas Fernandes He/Him
CaioAraujo999 He/Him","Simic Ouroboroid
Izzet Tempo",Lucas Fernandes won 2-1-0
Round 7,19,"Mario Palma He/Him
Carlos Morales U","W-U-B-R-G
Izzet Lessons",Mario Palma won 2-0-0
Round 7,20,"JaackySalvati
Marcelo L√≥pez Lagos","Izzet
Dimir",Marcelo L√≥pez Lagos won 2-0-0
Round 7,21,"Jonas Antunes He/Him
Emanuel Sutter He/Him","Dimir Combo
Azorius",Emanuel Sutter won 2-0-0
Round 7,22,"Ricardo Ramos
MarcoAurelioLima He/Him","Simic Ouroboroid
W-U-B-G Ouroboroid",MarcoAurelioLima won 2-1-0
Round 7,23,"Jorge Aguirre He/Him
SirClaudio He/They","Azorius Tempo
Dimir Tempo",Jorge Aguirre won 2-1-0
Round 7,24,"Everton Julian Silva Goulart He/Him
Fellipe Emar He/Him","Rakdos Aggro
Sultai Reanimator",Everton Julian Silva Goulart won 2-1-0
Round 7,25,"Rodrigo Mu√±oz
Camilo Ni√±o","Azorius
Dimir Tempo",Camilo Ni√±o won 2-1-0
Round 7,26,"magic_zaraka He/Him
Charlesz","Gruul Landfall
Izzet Lessons",Charlesz won 2-1-0
Round 7,27,"Eljuano He/Him
Ismael Lessa He/Him","Mono-Green Landfall
Dimir Tempo",Ismael Lessa won 2-0-0
Round 7,28,"Guilherme Vinicius Fragoso De Souza Guivini06 He/Him
kbsAA","Izzet Tempo
Jeskai Control",Guilherme Vinicius Fragoso De Souza Guivini06 won 2-1-0
Round 7,29,"Lucas Herv√°s
Manuel Quiroga","Mono-Green Landfall
Mono-Red Aggro",Manuel Quiroga won 2-1-0
Round 7,30,"Davi Mangolin Filho He/Him
Andr√© Ramos Lima","Bant Combo
Boros Aggro",Davi Mangolin Filho won 2-1-0
Round 7,31,"Sebasmoncada He/Him
Dihuen He/Him","Izzet Monument
Dimir Reanimator",Sebasmoncada won 2-1-0
Round 7,32,"Lucas Lupatini He/Him
Andres V√°squez","Dimir Midrange
Gruul Landfall",Andres V√°squez won 2-1-0
Round 7,33,"axeljami
SrLukas158 He/Him","Mono-Green Aggro
Boros Dragons",axeljami won 2-0-0
Round 7,34,"RodolfoZuinConstantino He/Him
Gabriel Castelo Garcia He/Him","Bant Combo
Izzet Lessons",Gabriel Castelo Garcia won 2-1-0
Round 7,35,"Pedro Gonzalez He/Him
Francisco Bertomeu","Azorius Control
Izzet",Francisco Bertomeu won 2-0-0
Round 7,36,"Carvallo Tomas
Jhohan Mauricio Herrera Molina He/Him","Temur
Dimir Midrange",Jhohan Mauricio Herrera Molina won 2-1-0
Round 7,37,"ailechan
Ariel Cicchitti","Dimir Tempo
Dimir Demons",Ariel Cicchitti won 2-1-0
Round 7,38,"Spribnow
Xandre_Borges_","Dimir Control
Dimir",Xandre_Borges_ won 2-1-0
Round 7,39,"Mendez He/Him
gabriel martinez He/Him","Izzet
Mono-Green Midrange",gabriel martinez won 2-1-0
Round 7,40,"alikaik11 He/Him
shootMeInTheLeg","Dimir Midrange
Izzet Aggro",alikaik11 won 2-1-0
Round 7,41,"Agustin Diaz He/Him
MaximilianKalm","Jeskai Control
Mono-Green Landfall",MaximilianKalm won 2-0-0
Round 7,42,"Jayme He/Him
Lauro Olsen He/Him","Boros Aggro
Dimir Control",Jayme won 2-1-0
Round 7,43,"CarlosR41
Diego Almeida He/Him","Rakdos Monument
Rakdos Monument",Diego Almeida won 2-1-0
Round 7,44,"Bruno Volpato
Pedro Paulo Albuquerque Caraciolo He/They","Gruul Aggro
Dimir Demons",Pedro Paulo Albuquerque Caraciolo won 2-0-0
Round 7,45,"AdamSchwartz
LordSoth03","Dimir Midrange
Sultai",AdamSchwartz won 2-0-0
Round 7,46,"Juan Cruz Rodriguez Berjolis He/Him
Daniel Lopez","Dimir Midrange
Rakdos Aggro",Juan Cruz Rodriguez Berjolis won 2-1-0
Round 7,47,"Denis Cabral Barbosa Dias He/Him
Hernan_Lobos He/Him","Boros Dragons
Gruul Aggro",Hernan_Lobos won 2-1-0
Round 7,48,"Mariano de Gregorio He/Him
Mauricio Iriarte Valenzuela","Dimir Midrange
Dimir Midrange",Mariano de Gregorio won 2-1-0
Round 7,49,"hachenova
Antonio Lucas Longo","Izzet Midrange
Izzet Combo",Antonio Lucas Longo won 2-1-0
Round 7,50,"zerokangs He/Him
Thiago Valle dos Santos He/Him","Sultai Midrange
Bant Ouroboroid",Thiago Valle dos Santos won 2-0-0
Round 7,51,"AlexBanacloy
Est√™v√£o Rudi Arntz","Boros Aggro
Izzet Lessons",Est√™v√£o Rudi Arntz won 2-0-0
Round 7,52,"LuckZebra He/Him
GUSTAVO CORAIOLA He/Him","Jeskai Artifacts
Mono-Green Landfall",GUSTAVO CORAIOLA won 2-1-0
Round 7,53,"MARCOSHBF He/Him
Danilo Almeida","Mono-Green Landfall
Rakdos Monument",Danilo Almeida won 2-1-0
Round 7,54,"Julio Bejarano Espejo He/Him
Diego Galaz","Dimir Midrange
Izzet Lessons",Julio Bejarano Espejo won 2-1-0
Round 7,55,"Xecuter He/Him
magicmam","Temur Omniscience
Mono-Green Aggro",Xecuter won 2-1-0
Round 7,56,"Gustavo Fischer He/Him
guisantana2","Selesnya Landfall
Azorius Tempo",Gustavo Fischer won 2-0-0
Round 7,57,"tchuco He/Him
guiadissy","Golgari Midrange
Temur",tchuco won 2-0-0
Round 7,58,"Brahiam
Lu√≠s Felippe Rossello Lima","Azorius Tempo
Izzet Lessons",Brahiam won 2-1-0
Round 7,59,"Andyu He/Him
Jo√£o Jorge Sales Junior","Dimir Midrange
Dimir Control",Jo√£o Jorge Sales Junior won 1-0-0
Round 7,60,"TIAGO PINHEIRO
oscarlevel152","Azorius Tempo
Dimir",oscarlevel152 won 2-0-0
Round 7,61,"Francisco Gonzalez
Andr√© Faustino","Izzet Prowess
Dimir Demons",Andr√© Faustino won 2-0-0
Round 7,62,"Mircho
Prezin He/Him","Golgari Midrange
Dimir Control",Mircho won 2-0-0
Round 7,63,"Dustyn_Aranda He/Him
criacuna21","Dimir Demons
Jeskai Control",criacuna21 won 2-0-0
Round 7,64,"RODRIGOO
Rud√° dos Reis He/Him","Mono-White Tokens
Izzet Lessons",RODRIGOO won 2-0-0
Round 7,65,"NicholasPohren He/Him
tony15974","Dimir Control
Izzet Midrange",NicholasPohren won 2-1-0
Round 7,66,"Viniimato He/Him
Yulios","Jeskai Artifacts
Dimir Midrange",Yulios won 2-1-0
Round 7,67,"KaszD3G He/Him
Diego Quintero","W-U-B-R-G Aggro
Izzet",1-1-0 Draw
Round 7,68,"DarioVergara He/Him
FelipePola","W-U-R-G Omniscience
Mono-Red Aggro",FelipePola won 2-1-0
Round 7,69,"Erichartman
Adrien Venancio He/Him","Izzet
Simic Ouroboroid",Erichartman won 2-1-0
Round 7,70,"julianofofo
NicoDays She/They","Mono-Red Aggro
Izzet Aggro",julianofofo won 2-1-0
Round 7,71,"Lucas Rodriguez
Tiago Bittencourt","Izzet Aggro
Izzet Tempo",Lucas Rodriguez won 2-0-0
Round 7,72,"ThiagoPG
JMoreirasn He/Him","Dimir
Izzet Tempo",JMoreirasn won 2-0-0
Round 7,73,"hendrik21
lobao","Dimir Midrange
Golgari",hendrik21 won 2-1-0
Round 7,74,"Walter Coquemala Filho He/Him
Thiago Odasaki","Temur Combo
Temur",Walter Coquemala Filho won 3-0-0
Round 7,75,"LuGoCa
CamiloRojas","Temur Combo
Dimir Tempo",CamiloRojas won 2-0-0
Round 8,1,"Borreguinhas He/Him
Carlos Torrico He/Him","Mono-Green Landfall
Dimir Tempo",0-0-3 Draw
Round 8,2,"GuillermoLoli
Adriano Melo","Mono-Green Landfall
Izzet Lessons",0-0-3 Draw
Round 8,3,"JOAO QUEGE
Rastaf","Boros Dragons
Dimir Demons",0-0-3 Draw
Round 8,4,"ariranhasx
Patricio Roman","Dimir Demons
Izzet Lessons",0-0-3 Draw
Round 8,5,"Siiu911
Victor Santos Esquici","Mono-Green Landfall
Dimir Combo",Victor Santos Esquici won 2-1-0
Round 8,6,"guiyote
Isael Feitosa He/Him","Azorius Tempo
Mono-Green Aggro",Isael Feitosa won 2-0-0
Round 8,7,"Rodrigo Pinheiro He/Him
Jorge Aguirre He/Him","Azorius Tempo
Azorius Tempo",Rodrigo Pinheiro won 2-1-0
Round 8,8,"Luis Navas Flores He/Him
Davi Mangolin Filho He/Him","Mono-Red Aggro
Bant Combo",Luis Navas Flores won 2-1-0
Round 8,9,"Charlesz
Marco Figueroa He/Him","Izzet Lessons
Boros Dragons",Marco Figueroa won 2-0-0
Round 8,10,"Everton Julian Silva Goulart He/Him
julianpastoriza","Rakdos Aggro
Jeskai Control",Everton Julian Silva Goulart won 2-1-0
Round 8,11,"Guilherme Vinicius Fragoso De Souza Guivini06 He/Him
Diego Eneas Garcia He/Him","Izzet Tempo
Bant Airbending",Guilherme Vinicius Fragoso De Souza Guivini06 won 2-0-0
Round 8,12,"Gabriel Fehr He/Him
Emiliano Passoni","Dimir Demons
Gruul Landfall",Gabriel Fehr won 2-0-0
Round 8,13,"Lucas Fernandes He/Him
LuisVenegas He/Him","Simic Ouroboroid
Izzet Lessons",Lucas Fernandes won 2-0-0
Round 8,14,"Thiago Souza He/Him
Emanuel Sutter He/Him","Izzet Lessons
Azorius",Emanuel Sutter won 2-0-0
Round 8,15,"Marcelo Rodrigues Cavalcante He/Him
Manuel Quiroga","Dimir Midrange
Mono-Red Aggro",Marcelo Rodrigues Cavalcante won 2-0-0
Round 8,16,"Nicolas Morales Macaya He/Him
Mario Palma He/Him","Gruul Landfall
W-U-B-R-G",Mario Palma won 2-0-0
Round 8,17,"RALC
MarcoAurelioLima He/Him","Dimir
W-U-B-G Ouroboroid",RALC won 2-0-0
Round 8,18,"Ismael Lessa He/Him
Martin Dominguez","Dimir Tempo
Gruul Aggro",Martin Dominguez won 2-1-0
Round 8,19,"Marcelo L√≥pez Lagos
Camilo Ni√±o","Dimir
Dimir Tempo",Camilo Ni√±o won 2-0-0
Round 8,20,"Thiago Saporito He/Him
Sebasmoncada He/Him","Dimir Midrange
Izzet Monument",Thiago Saporito won 2-1-0
Round 8,21,"Marcos Paredes He/Him
axeljami","Mono-Green Aggro
Mono-Green Aggro",Marcos Paredes won 2-0-0
Round 8,22,"Andres V√°squez
SirClaudio He/They","Gruul Landfall
Dimir Tempo",Andres V√°squez won 2-0-0
Round 8,23,"Sebasti√°n Silva
Gabriel Castelo Garcia He/Him","Simic Aggro
Izzet Lessons",Sebasti√°n Silva won 2-1-0
Round 8,24,"Jhohan Mauricio Herrera Molina He/Him
Francisco Bertomeu","Dimir Midrange
Izzet",Jhohan Mauricio Herrera Molina won 2-1-0
Round 8,25,"Xandre_Borges_
Ariel Cicchitti","Dimir
Dimir Demons",Ariel Cicchitti won 2-1-0
Round 8,26,"gabriel martinez He/Him
Lucas Herv√°s","Mono-Green Midrange
Mono-Green Landfall",gabriel martinez won 2-0-0
Round 8,27,"aloaiza23
El_Comediante He/Him","Jund Aggro
Temur Combo",aloaiza23 won 2-1-0
Round 8,28,"Freddy Paredes [Team Dominus] He/Him
Diego Almeida He/Him","Dimir Midrange
Rakdos Monument",Freddy Paredes [Team Dominus] won 2-0-0
Round 8,29,"Jonas Antunes He/Him
camilo Diaz Pineda","Dimir Combo
Simic Aggro",Jonas Antunes won 2-0-0
Round 8,30,"Ricardo Ramos
Jayme He/Him","Simic Ouroboroid
Boros Aggro",Jayme won 2-1-0
Round 8,31,"Rodrigo Mu√±oz
tchuco He/Him","Azorius
Golgari Midrange",Rodrigo Mu√±oz won 2-0-0
Round 8,32,"Gasser Abdeslam He/Him
Hernan_Lobos He/Him","Izzet Otters
Gruul Aggro",Hernan_Lobos won 2-0-0
Round 8,33,"Gustavo Fischer He/Him
Antonio Lucas Longo","Selesnya Landfall
Izzet Combo",Antonio Lucas Longo won 2-0-0
Round 8,34,"JaackySalvati
Juan Cruz Rodriguez Berjolis He/Him","Izzet
Dimir Midrange",JaackySalvati won 2-1-0
Round 8,35,"Dihuen He/Him
CaioAraujo999 He/Him","Dimir Reanimator
Izzet Tempo",Dihuen won 2-0-0
Round 8,36,"Xecuter He/Him
alikaik11 He/Him","Temur Omniscience
Dimir Midrange",Xecuter won 2-0-0
Round 8,37,"Danilo Almeida
Thiago Valle dos Santos He/Him","Rakdos Monument
Bant Ouroboroid",Thiago Valle dos Santos won 2-0-0
Round 8,38,"Pedro Paulo Albuquerque Caraciolo He/They
Brahiam","Dimir Demons
Azorius Tempo",Brahiam won 2-0-0
Round 8,39,"Andr√© Ramos Lima
Felipe Schnyder","Boros Aggro
Simic Aggro",Felipe Schnyder won 2-1-0
Round 8,40,"Carlos Morales U
MaximilianKalm","Izzet Lessons
Mono-Green Landfall",MaximilianKalm won 2-1-0
Round 8,41,"GUSTAVO CORAIOLA He/Him
Mariano de Gregorio He/Him","Mono-Green Landfall
Dimir Midrange",Mariano de Gregorio won 2-1-0
Round 8,43,"Eljuano He/Him
AdamSchwartz","Mono-Green Landfall
Dimir Midrange",AdamSchwartz won 2-0-0
Round 8,44,"Lucas Lupatini He/Him
SrLukas158 He/Him","Dimir Midrange
Boros Dragons",Lucas Lupatini won 2-1-0
Round 8,45,"Jo√£o Jorge Sales Junior
Carvallo Tomas","Dimir Control
Temur",Jo√£o Jorge Sales Junior won 2-0-0
Round 8,46,"Andr√© Faustino
Mircho","Dimir Demons
Golgari Midrange",Andr√© Faustino won 2-0-0
Round 8,47,"ailechan
oscarlevel152","Dimir Tempo
Dimir",ailechan won 2-0-0
Round 8,48,"Daniel Lopez
magicmam","Rakdos Aggro
Mono-Green Aggro",magicmam won 2-1-0
Round 8,49,"FelipePola
guisantana2","Mono-Red Aggro
Azorius Tempo",FelipePola won 2-0-0
Round 8,50,"Denis Cabral Barbosa Dias He/Him
hachenova","Boros Dragons
Izzet Midrange",Denis Cabral Barbosa Dias won 2-1-0
Round 8,51,"Agustin Diaz He/Him
Mauricio Iriarte Valenzuela","Jeskai Control
Dimir Midrange",Agustin Diaz won 2-0-0
Round 8,52,"guiadissy
Erichartman","Temur
Izzet",Erichartman won 2-1-0
Round 8,53,"zerokangs He/Him
CarlosR41","Sultai Midrange
Rakdos Monument",CarlosR41 won 2-1-0
Round 8,54,"LordSoth03
Lauro Olsen He/Him","Sultai
Dimir Control",Lauro Olsen won 2-0-0
Round 8,55,"LuckZebra He/Him
NicoDays She/They","Jeskai Artifacts
Izzet Aggro",LuckZebra won 2-1-0
Round 8,56,"Yulios
Est√™v√£o Rudi Arntz","Dimir Midrange
Izzet Lessons",Est√™v√£o Rudi Arntz won 2-1-0
Round 8,57,"RODRIGOO
NicholasPohren He/Him","Mono-White Tokens
Dimir Control",RODRIGOO won 2-1-0
Round 8,58,"Lucas Rodriguez
Bruno Volpato","Izzet Aggro
Gruul Aggro",Lucas Rodriguez won 2-0-0
Round 8,59,"criacuna21
TIAGO PINHEIRO","Jeskai Control
Azorius Tempo",TIAGO PINHEIRO won 2-1-0
Round 8,60,"Andyu He/Him
KaszD3G He/Him","Dimir Midrange
W-U-B-R-G Aggro",Andyu won 2-0-0
Round 8,61,"Prezin He/Him
Dustyn_Aranda He/Him","Dimir Control
Dimir Demons",Dustyn_Aranda won 2-1-0
Round 8,62,"hendrik21
Francisco Gonzalez","Dimir Midrange
Izzet Prowess",hendrik21 won 1-0-0
Round 8,63,"JMoreirasn He/Him
Diego Quintero","Izzet Tempo
Izzet",JMoreirasn won 1-0-0
Round 8,64,"Viniimato He/Him
DarioVergara He/Him","Jeskai Artifacts
W-U-R-G Omniscience",DarioVergara won 2-0-0
Round 8,65,"AlexBanacloy
tony15974","Boros Aggro
Izzet Midrange",tony15974 won 2-0-0
Round 8,66,"Adrien Venancio He/Him
CamiloRojas","Simic Ouroboroid
Dimir Tempo",Adrien Venancio won 2-0-0
Round 8,67,"Walter Coquemala Filho He/Him
Tiago Bittencourt","Temur Combo
Izzet Tempo",Tiago Bittencourt won 2-1-0
Round 8,68,"LucasRJ
lobao","Izzet Lessons
Golgari",LucasRJ won 2-1-0
Round 8,69,"Thiago Odasaki
LuGoCa","Temur
Temur Combo",Thiago Odasaki won 2-0-0
Round 8,70,"julianofofo
Julio Bejarano Espejo He/Him","Mono-Red Aggro
Dimir Midrange",Julio Bejarano Espejo won 2-1-0
Quarterfinals,1,"Victor Santos Esquici
JOAO QUEGE","Dimir Combo
Boros Dragons",JOAO QUEGE won 2-1-0
Quarterfinals,2,"Borreguinhas He/Him
GuillermoLoli","Mono-Green Landfall
Mono-Green Landfall",Borreguinhas won 2-0-0
Quarterfinals,3,"Isael Feitosa He/Him
Adriano Melo","Mono-Green Aggro
Izzet Lessons",Isael Feitosa won 2-0-0
Quarterfinals,4,"Rodrigo Pinheiro He/Him
Carlos Torrico He/Him","Azorius Tempo
Dimir Tempo",Rodrigo Pinheiro won 2-0-0
Semifinals,1,"JOAO QUEGE
Borreguinhas He/Him","Boros Dragons
Mono-Green Landfall",JOAO QUEGE won 2-1-0
Semifinals,2,"Isael Feitosa He/Him
Rodrigo Pinheiro He/Him","Mono-Green Aggro
Azorius Tempo",Isael Feitosa won 2-1-0
Finals,1,"JOAO QUEGE
Isael Feitosa He/Him","Boros Dragons
Mono-Green Aggro",JOAO QUEGE won 2-0-0
